"","Day","Volatility"
"1",20060117,0.000575799880169362
"2",20060118,0.00041104881247824
"3",20060119,0.000548863242691103
"4",20060120,0.000702267922450212
"5",20060123,0.00047092214664088
"6",20060124,0.000435446038440887
"7",20060125,0.000560997941281105
"8",20060126,0.000582709244614644
"9",20060127,0.000484168430100591
"10",20060130,0.000455273903359714
"11",20060131,0.00051206622835994
"12",20060201,0.000702710041105894
"13",20060202,0.000645537654862302
"14",20060203,0.000668288670777817
"15",20060206,0.000344308659102612
"16",20060207,0.0005956001834291
"17",20060208,0.00049984172971983
"18",20060209,0.000532940900244587
"19",20060210,0.000463329372521048
"20",20060213,0.000609079290500079
"21",20060214,0.00052038013433457
"22",20060215,0.000618504868007917
"23",20060216,0.000431463582536799
"24",20060217,0.000399217415449292
"25",20060221,0.000438705714894813
"26",20060222,0.000421459690399521
"27",20060223,0.000415764508759867
"28",20060224,0.000512201720605386
"29",20060227,0.000611153847391559
"30",20060228,0.000579879303122152
"31",20060301,0.00045039335965256
"32",20060302,0.000551773036281304
"33",20060303,0.000556974562390601
"34",20060306,0.000637199459013283
"35",20060307,0.00058006010838752
"36",20060308,0.000530613397603317
"37",20060309,0.000493715556832628
"38",20060310,0.000625406132693131
"39",20060313,0.000598418680140092
"40",20060314,0.000537374014415528
"41",20060315,0.000457999467282514
"42",20060316,0.000379670259927295
"43",20060317,0.000369002259381902
"44",20060320,0.000285736984834743
"45",20060321,0.000572545905597329
"46",20060322,0.00060821539708817
"47",20060323,0.000449011825296968
"48",20060324,0.000523296370563568
"49",20060327,0.00038906266567939
"50",20060328,0.000605030894511486
"51",20060329,0.000513829048700378
"52",20060330,0.000569080918584651
"53",20060331,0.000435666077411601
"54",20060403,0.000471394345880745
"55",20060404,0.000488810035962928
"56",20060405,0.000496713043856374
"57",20060406,0.000495428457862229
"58",20060407,0.000565601328987376
"59",20060410,0.000469844002810395
"60",20060411,0.00051457142664492
"61",20060412,0.000529735245672222
"62",20060413,0.000382504630385842
"63",20060417,0.000540710123350883
"64",20060418,0.000555719593350482
"65",20060419,0.000528044576161975
"66",20060420,0.000434425278372545
"67",20060421,0.000369800367167785
"68",20060424,0.000484621956609461
"69",20060425,0.000643361469834125
"70",20060426,0.000495788666845316
"71",20060427,0.000753053167216739
"72",20060428,0.000590773716894211
"73",20060501,0.000507283151690614
"74",20060502,0.000438140442621814
"75",20060503,0.000482417610634504
"76",20060504,0.000452464365595098
"77",20060505,0.000359558761421741
"78",20060508,0.000381127951201
"79",20060509,0.000347660479053797
"80",20060510,0.000508847023192979
"81",20060511,0.000649151163601276
"82",20060512,0.000720225584819761
"83",20060515,0.000639016348230375
"84",20060516,0.000578937236219885
"85",20060517,0.000779915311603374
"86",20060518,0.000638817453005934
"87",20060519,0.000865747123165499
"88",20060522,0.00097574538984387
"89",20060523,0.00058129714057162
"90",20060524,0.000926434629442422
"91",20060525,0.000533603376949052
"92",20060526,0.000592462135078543
"93",20060530,0.00063938060717372
"94",20060531,0.000728573896906116
"95",20060601,0.000484639386885432
"96",20060602,0.000673843774333199
"97",20060605,0.000637050239205042
"98",20060606,0.0009255455103607
"99",20060607,0.000833203225372477
"100",20060608,0.00116033065080907
"101",20060609,0.000778451146276581
"102",20060612,0.00104738298172647
"103",20060613,0.00116967889692508
"104",20060614,0.00111148600438697
"105",20060615,0.000784947749594265
"106",20060616,0.000785310165399293
"107",20060619,0.00100517852195837
"108",20060620,0.000727822050383739
"109",20060621,0.000662144036676778
"110",20060622,0.000769620370589799
"111",20060623,0.000555875213516716
"112",20060626,0.000476965817375289
"113",20060627,0.000503544207361185
"114",20060628,0.000544222647480486
"115",20060629,0.00067693847706243
"116",20060630,0.000466251889537558
"117",20060703,0.000334654761758546
"118",20060705,0.00042224408736821
"119",20060706,0.000536969429545805
"120",20060707,0.000670944396315824
"121",20060710,0.000433543201880698
"122",20060711,0.000534805901286124
"123",20060712,0.000482164923951879
"124",20060713,0.00077419236816227
"125",20060714,0.000885479556743729
"126",20060717,0.000834557783735603
"127",20060718,0.00081633555417472
"128",20060719,0.000680632100605783
"129",20060720,0.00063209484456231
"130",20060721,0.000717339170032154
"131",20060724,0.000566132742880391
"132",20060725,0.000604371872137455
"133",20060726,0.000660681018282389
"134",20060727,0.00051555621012156
"135",20060728,0.000498556332912954
"136",20060731,0.000556683565100504
"137",20060801,0.000464293864971071
"138",20060802,0.000440390585531909
"139",20060803,0.000391789391904099
"140",20060804,0.000604199679865549
"141",20060807,0.000603714827672505
"142",20060808,0.000581156575554543
"143",20060809,0.000633401848075526
"144",20060810,0.0007799937451293
"145",20060811,0.000550096871929681
"146",20060814,0.000477783164133394
"147",20060815,0.000532977666301234
"148",20060816,0.000502076519902951
"149",20060817,0.000498400832065703
"150",20060818,0.000483585404424132
"151",20060821,0.000455572265475262
"152",20060822,0.000658008785914274
"153",20060823,0.00045397333175262
"154",20060824,0.000459619733065603
"155",20060825,0.000440916426533954
"156",20060828,0.000404381222006051
"157",20060829,0.000517772342309923
"158",20060830,0.000472102070752879
"159",20060831,0.000380449582473362
"160",20060901,0.000391292475213127
"161",20060905,0.000409325083238836
"162",20060906,0.000393618366305352
"163",20060907,0.000524177925251426
"164",20060908,0.000426224247687812
"165",20060911,0.000407199930356561
"166",20060912,0.0003736167612989
"167",20060913,0.000585709237605425
"168",20060914,0.000480490368680154
"169",20060915,0.000461052834655932
"170",20060918,0.00044591572402219
"171",20060919,0.000469597260182899
"172",20060920,0.000502150645467136
"173",20060921,0.000672469866063296
"174",20060922,0.000476538812901938
"175",20060925,0.00050844394962757
"176",20060926,0.000685687111328472
"177",20060927,0.000633134271959862
"178",20060928,0.000414244716882672
"179",20060929,0.000349585573353869
"180",20061002,0.000437484155771246
"181",20061003,0.000474163136054182
"182",20061004,0.000579432411416224
"183",20061005,0.000509560771148964
"184",20061006,0.000513016727240743
"185",20061009,0.000400654377602708
"186",20061010,0.000454786232091072
"187",20061011,0.000562599407357717
"188",20061012,0.000381353612920961
"189",20061013,0.00043533935338181
"190",20061016,0.000270235711237004
"191",20061017,0.000362165703605792
"192",20061018,0.000475799702032936
"193",20061019,0.000412322724822546
"194",20061020,0.000417408302009871
"195",20061023,0.000609753671804156
"196",20061024,0.000365515569156122
"197",20061025,0.000427300488436445
"198",20061026,0.000370233329542868
"199",20061027,0.000368539766052381
"200",20061030,0.000324692105640247
"201",20061031,0.000408407456420532
"202",20061101,0.000475908080463142
"203",20061102,0.000457541175674296
"204",20061103,0.000411072259834897
"205",20061106,0.000331826453428691
"206",20061107,0.000537528699409197
"207",20061108,0.000604777377245492
"208",20061109,0.000640037601316826
"209",20061110,0.00053558743977803
"210",20061113,0.0004892090308078
"211",20061114,0.000483435039966908
"212",20061115,0.000413713632081161
"213",20061116,0.000572223736337414
"214",20061117,0.000517445441530906
"215",20061120,0.000640470906417543
"216",20061121,0.000388984646331354
"217",20061122,0.000618474194890143
"218",20061124,0.000462376206362178
"219",20061127,0.000658101585803198
"220",20061128,0.000642995839036239
"221",20061129,0.000716074231112485
"222",20061130,0.000583140823895413
"223",20061201,0.000684294101634956
"224",20061204,0.000642600633155868
"225",20061205,0.000492747965503088
"226",20061206,0.000434203958361407
"227",20061207,0.000464873167508807
"228",20061208,0.000503362120843062
"229",20061211,0.000500189167418424
"230",20061212,0.000835691597640273
"231",20061213,0.000418386786228634
"232",20061214,0.000475250244972261
"233",20061215,0.000347904243327941
"234",20061218,0.000518279145719461
"235",20061219,0.00105650122251819
"236",20061220,0.000804202845508472
"237",20061221,0.000483543383007825
"238",20061222,0.000611870241190513
"239",20061226,0.000347777220025283
"240",20061227,0.000281578300130646
"241",20061228,0.00036258139794988
"242",20061229,0.000326508763051892
"243",20070103,0.000582692257637081
"244",20070104,0.000562566705342144
"245",20070105,0.000595051692913645
"246",20070108,0.000463557705973462
"247",20070109,0.000644489439444514
"248",20070110,0.000525866577501257
"249",20070111,0.000438737325191549
"250",20070112,0.000439831810969201
"251",20070116,0.00058736493037227
"252",20070117,0.000559626913549817
"253",20070118,0.000444909766489376
"254",20070119,0.000461835678825642
"255",20070122,0.000741188021864588
"256",20070123,0.000445220880706904
"257",20070124,0.000563434377558688
"258",20070125,0.000513743573541711
"259",20070126,0.000603062620585054
"260",20070129,0.000567983905073611
"261",20070130,0.000614590612787884
"262",20070131,0.000612241634897119
"263",20070201,0.000477148051459389
"264",20070202,0.000445635954708712
"265",20070205,0.000440355367744289
"266",20070206,0.000422210340930145
"267",20070207,0.000320588057771003
"268",20070208,0.000446646282835052
"269",20070209,0.000722912380175307
"270",20070212,0.000417308364105257
"271",20070213,0.000433570849087777
"272",20070214,0.000341778537655432
"273",20070215,0.000408108298567424
"274",20070216,0.000604200570410204
"275",20070220,0.00048167200223218
"276",20070221,0.00061008586784776
"277",20070222,0.000686239884613834
"278",20070223,0.000578502525697164
"279",20070226,0.000674066403108934
"280",20070227,0.000930451816676461
"281",20070228,0.00100808144053562
"282",20070301,0.000961948658763222
"283",20070302,0.000966800887424235
"284",20070305,0.000949693992237575
"285",20070306,0.000789760297026606
"286",20070307,0.000735923326802681
"287",20070308,0.000617960961352254
"288",20070309,0.000751957939708527
"289",20070312,0.000542194366079309
"290",20070313,0.00109123461607613
"291",20070314,0.00120458256489294
"292",20070315,0.000719958270774758
"293",20070316,0.000570801969807471
"294",20070319,0.000455706714804485
"295",20070320,0.00063843582838926
"296",20070321,0.000913998531697103
"297",20070322,0.000596375104468423
"298",20070323,0.000477757972935104
"299",20070326,0.000619823283634026
"300",20070327,0.000490466600496645
"301",20070328,0.000689488944470704
"302",20070329,0.00075002503539333
"303",20070330,0.000885880882400687
"304",20070402,0.000497113264651979
"305",20070403,0.000452700743533621
"306",20070404,0.000415639421639006
"307",20070405,0.000396198968748395
"308",20070409,0.000372743490874292
"309",20070410,0.00046412021775562
"310",20070411,0.000732046364024075
"311",20070412,0.000393910804440022
"312",20070413,0.000440100589194972
"313",20070416,0.000368055272091187
"314",20070417,0.000458218591478071
"315",20070418,0.000548981780937079
"316",20070419,0.000571440128692763
"317",20070420,0.000499817355206558
"318",20070423,0.000470210510271207
"319",20070424,0.000570901224915039
"320",20070425,0.000489391474900004
"321",20070426,0.000491572786235719
"322",20070427,0.000539634515135013
"323",20070430,0.000373787473485381
"324",20070501,0.000574594501767158
"325",20070502,0.000591778475470542
"326",20070503,0.000510268709792748
"327",20070504,0.000506692228543843
"328",20070507,0.000343528638900893
"329",20070508,0.000482353431825903
"330",20070509,0.000773733279802083
"331",20070510,0.000651749073258216
"332",20070511,0.000538460174854365
"333",20070514,0.000556031148087203
"334",20070515,0.000724234050940078
"335",20070516,0.000524741342194266
"336",20070517,0.000507650928637491
"337",20070518,0.000431434415206139
"338",20070521,0.000419036007264993
"339",20070522,0.000451209230245832
"340",20070523,0.000505680177514842
"341",20070524,0.0006973717536731
"342",20070525,0.000530491324417096
"343",20070529,0.000557267087804439
"344",20070530,0.000608176939754795
"345",20070531,0.000449392477727832
"346",20070601,0.000613904414199308
"347",20070604,0.000495214672520821
"348",20070605,0.000450446076615954
"349",20070606,0.000454023756823103
"350",20070607,0.000783696510251291
"351",20070608,0.000696952271307465
"352",20070611,0.000554166759791788
"353",20070612,0.000684326100012915
"354",20070613,0.000619913115562824
"355",20070614,0.000566433880531813
"356",20070615,0.000435961639507664
"357",20070618,0.000434261561108574
"358",20070619,0.000527796305338677
"359",20070620,0.000579738341057888
"360",20070621,0.000866341796962841
"361",20070622,0.000892153223775233
"362",20070625,0.000689663615360238
"363",20070626,0.000823500617951541
"364",20070627,0.000751035776364371
"365",20070628,0.000601190720307933
"366",20070629,0.000915374450135399
"367",20070702,0.00064342474087166
"368",20070703,0.000465501882786133
"369",20070705,0.000606515246441081
"370",20070706,0.00048429136790425
"371",20070709,0.000434408762165068
"372",20070710,0.000674438754642421
"373",20070711,0.000762723902299109
"374",20070712,0.000592364189234659
"375",20070713,0.000512012559022388
"376",20070716,0.000594796068825969
"377",20070717,0.000579291654225776
"378",20070718,0.000853297485779009
"379",20070719,0.000664379693286565
"380",20070720,0.000988108551033822
"381",20070723,0.000722838191123065
"382",20070724,0.000768361247258519
"383",20070725,0.00117514654144588
"384",20070726,0.00154650294460077
"385",20070727,0.00153068757327312
"386",20070730,0.00141623287763978
"387",20070731,0.000987731719105675
"388",20070801,0.00165114056603171
"389",20070802,0.00121657831808846
"390",20070803,0.00156939115215976
"391",20070806,0.00165777345988822
"392",20070807,0.00181601824071636
"393",20070808,0.000779411580916758
"394",20070809,0.002000711688356
"395",20070810,0.00223434760377395
"396",20070813,0.00138293317511161
"397",20070814,0.00163530596656719
"398",20070815,0.00170849367248629
"399",20070816,0.00271427873101542
"400",20070817,0.00170546739276126
"401",20070820,0.00112224188630953
"402",20070821,0.00134280484211464
"403",20070822,0.00110406055226882
"404",20070823,0.00116862546627829
"405",20070824,0.000886726746821055
"406",20070827,0.000617982233688724
"407",20070828,0.000815250370507956
"408",20070829,0.000911214744731604
"409",20070830,0.000971938155917865
"410",20070831,0.000893191588801168
"411",20070904,0.000646101090339758
"412",20070905,0.00079624735977
"413",20070906,0.000850487018556442
"414",20070907,0.00108448996861837
"415",20070910,0.00083949272848722
"416",20070911,0.000867564938222595
"417",20070912,0.000750747432208319
"418",20070913,0.000546470356490661
"419",20070914,0.000619179983162698
"420",20070917,0.000782815787939509
"421",20070918,0.00196045275441081
"422",20070919,0.00139236650329245
"423",20070920,0.00121416568091651
"424",20070921,0.000584163872202953
"425",20070924,0.00073607766682916
"426",20070925,0.000723751938998485
"427",20070926,0.000924492114274897
"428",20070927,0.000616044548587585
"429",20070928,0.000701944000400727
"430",20071001,0.000728661353893148
"431",20071002,0.000771414764257455
"432",20071003,0.000789745052944231
"433",20071004,0.000749617609768013
"434",20071005,0.000592309858267488
"435",20071008,0.000534157718952981
"436",20071009,0.000799682645421777
"437",20071010,0.000540674768236114
"438",20071011,0.000842093435254484
"439",20071012,0.000735120917943814
"440",20071015,0.000853014253686455
"441",20071016,0.000845768646845806
"442",20071017,0.00112455109438725
"443",20071018,0.000802446451203632
"444",20071019,0.00103816495100867
"445",20071022,0.000959825180404906
"446",20071023,0.000742336046349153
"447",20071024,0.00145455390918154
"448",20071025,0.00145948717041399
"449",20071026,0.000872951488652616
"450",20071029,0.000538233799229205
"451",20071030,0.000886840315946901
"452",20071031,0.0018559540034701
"453",20071101,0.00110304531706402
"454",20071102,0.00206016804129951
"455",20071105,0.00207946092946495
"456",20071106,0.00189217706754408
"457",20071107,0.00212054451930083
"458",20071108,0.00204048193420371
"459",20071109,0.00210930934666993
"460",20071112,0.00133023266243952
"461",20071113,0.00162029431876979
"462",20071114,0.00125442718288698
"463",20071115,0.001366541360781
"464",20071116,0.00147045145296656
"465",20071119,0.00147635158239896
"466",20071120,0.00149878841385776
"467",20071121,0.00173473863442492
"468",20071123,0.00108696914247911
"469",20071126,0.00123223523752249
"470",20071127,0.00121752183046265
"471",20071128,0.00116002569289415
"472",20071129,0.00122976528435069
"473",20071130,0.00122396898265746
"474",20071203,0.00108456571535854
"475",20071204,0.00103041055198172
"476",20071205,0.0012088119164236
"477",20071206,0.000958931562250935
"478",20071207,0.001219573711734
"479",20071210,0.00112405824275726
"480",20071211,0.00205464549923929
"481",20071212,0.00143669089820593
"482",20071213,0.00125193176370284
"483",20071214,0.00121245948724913
"484",20071217,0.00119327459415285
"485",20071218,0.00170741808742618
"486",20071219,0.0020243081261236
"487",20071220,0.00148782613145482
"488",20071221,0.00118672456259348
"489",20071224,0.000849862992621558
"490",20071226,0.000657568321839405
"491",20071227,0.000868704480065941
"492",20071228,0.000826517964845956
"493",20071231,0.000830492435480095
"494",20080102,0.00111203578534563
"495",20080103,0.000973303533132296
"496",20080104,0.00108627826078429
"497",20080107,0.00149542646583432
"498",20080108,0.0017976107170812
"499",20080109,0.00181132978365759
"500",20080110,0.00269812871195492
"501",20080111,0.00179678114119275
"502",20080114,0.000895208721930927
"503",20080115,0.00124942544618825
"504",20080116,0.00141406890375628
"505",20080117,0.00152114584389559
"506",20080118,0.00183894723709563
"507",20080122,0.00217593657608646
"508",20080123,0.00217501667923049
"509",20080124,0.0013424267421732
"510",20080125,0.00157508586923179
"511",20080128,0.00108495666275525
"512",20080129,0.00101383160903041
"513",20080130,0.00126156012125238
"514",20080131,0.00169392799794393
"515",20080201,0.00106309297941232
"516",20080204,0.000959417311733991
"517",20080205,0.00124479759637408
"518",20080206,0.00119838402062659
"519",20080207,0.00132513908515366
"520",20080208,0.00112507321987678
"521",20080211,0.00117347443493439
"522",20080212,0.0012544909816415
"523",20080213,0.00118902708228614
"524",20080214,0.00102818322142602
"525",20080215,0.0011101110432543
"526",20080219,0.00101853086930963
"527",20080220,0.00139815619623234
"528",20080221,0.00118070967038169
"529",20080222,0.000925291457140544
"530",20080225,0.00137598537243329
"531",20080226,0.00109215780546536
"532",20080227,0.00115612279479234
"533",20080228,0.00108262111519359
"534",20080229,0.000956588887045933
"535",20080303,0.00100943398023549
"536",20080304,0.00125440118316586
"537",20080305,0.00172049354492779
"538",20080306,0.00101957631005878
"539",20080307,0.001135693961469
"540",20080310,0.00166123608755173
"541",20080311,0.00172645969804832
"542",20080312,0.00147636490427588
"543",20080313,0.00257348678051385
"544",20080314,0.00233601180467716
"545",20080317,0.00314958438565694
"546",20080318,0.00287635000855001
"547",20080319,0.00236098479539783
"548",20080320,0.00198571066966953
"549",20080324,0.00155054976147068
"550",20080325,0.0013761671495263
"551",20080326,0.00122969554608833
"552",20080327,0.00207890457891458
"553",20080328,0.00137594617800239
"554",20080331,0.00115964930168027
"555",20080401,0.00139831122561843
"556",20080402,0.00139819930543654
"557",20080403,0.0015891223885027
"558",20080404,0.00117059369554664
"559",20080407,0.00107741875966573
"560",20080408,0.000943283667300626
"561",20080409,0.00105873397502679
"562",20080410,0.00118587361974884
"563",20080411,0.00109050555756151
"564",20080414,0.000778549605797013
"565",20080415,0.00112476264107493
"566",20080416,0.000919858683480108
"567",20080417,0.00104869740761362
"568",20080418,0.000994612913837822
"569",20080421,0.000706065128950663
"570",20080422,0.000973736491586865
"571",20080423,0.000995391848304901
"572",20080424,0.00122278614425599
"573",20080425,0.000859940181626227
"574",20080428,0.000781088463073344
"575",20080429,0.000763664475379511
"576",20080430,0.00115605805978506
"577",20080501,0.00100758770663254
"578",20080502,0.00100874962482286
"579",20080505,0.000839455095533275
"580",20080506,0.00102481707257202
"581",20080507,0.000802052944576284
"582",20080508,0.0010202926007223
"583",20080509,0.00102706933911966
"584",20080512,0.000917402359855555
"585",20080513,0.000841414281599444
"586",20080514,0.000711742977762186
"587",20080515,0.000833369883887887
"588",20080516,0.000729790392069216
"589",20080519,0.000764613750974224
"590",20080520,0.000735749127838203
"591",20080521,0.00100147725741415
"592",20080522,0.00108376525000237
"593",20080523,0.000958364950869954
"594",20080527,0.000766095161804627
"595",20080528,0.00082985662324538
"596",20080529,0.000990065501431534
"597",20080530,0.000678201343245782
"598",20080602,0.00124893053811989
"599",20080603,0.00122959460531705
"600",20080604,0.0012020169629656
"601",20080605,0.000975033561752735
"602",20080606,0.00101978510503431
"603",20080609,0.00115457892341237
"604",20080610,0.00165148859085141
"605",20080611,0.00154438032923561
"606",20080612,0.000977352001145473
"607",20080613,0.00100078327632645
"608",20080616,0.00126549298617817
"609",20080617,0.00145333879597086
"610",20080618,0.00197447634959649
"611",20080619,0.0015722501487063
"612",20080620,0.00119947190517698
"613",20080623,0.00104356586871211
"614",20080624,0.00150753139949782
"615",20080625,0.00120065201683614
"616",20080626,0.0011907168566201
"617",20080627,0.00154334161952898
"618",20080630,0.00135556232138436
"619",20080701,0.00168717391744694
"620",20080702,0.0014101954104353
"621",20080703,0.00132514107250069
"622",20080707,0.00176442603417964
"623",20080708,0.00181311421362155
"624",20080709,0.00134628036077391
"625",20080710,0.00224597099489176
"626",20080711,0.00215603571168105
"627",20080714,0.00199246149606164
"628",20080715,0.00349071078144317
"629",20080716,0.00218601349282127
"630",20080717,0.00221411781840694
"631",20080718,0.00164402725774032
"632",20080721,0.00159156610981114
"633",20080722,0.00184387522028242
"634",20080723,0.00250878933679338
"635",20080724,0.00182296732661776
"636",20080725,0.00202216633054891
"637",20080728,0.00179806836797421
"638",20080729,0.0016570226165165
"639",20080730,0.00188830108090629
"640",20080731,0.00167703724990605
"641",20080801,0.00152215206678423
"642",20080804,0.00149626058668915
"643",20080805,0.00138243869307872
"644",20080806,0.00156691743059809
"645",20080807,0.00119001251164935
"646",20080808,0.00129584602980753
"647",20080811,0.00132350667612657
"648",20080812,0.00133137570319287
"649",20080813,0.00176126905045683
"650",20080814,0.00112035623052283
"651",20080815,0.00117682635352192
"652",20080818,0.00120181663897416
"653",20080819,0.00129560479130795
"654",20080820,0.00142352972551183
"655",20080821,0.00116818622858004
"656",20080822,0.00110745654796835
"657",20080825,0.00104464481310526
"658",20080826,0.000899674361630804
"659",20080827,0.000950508863194806
"660",20080828,0.000928694738779028
"661",20080829,0.000841769217674702
"662",20080902,0.00118857085723972
"663",20080903,0.00108598413500157
"664",20080904,0.00107465580986082
"665",20080905,0.00157705697930391
"666",20080908,0.00206932150724493
"667",20080909,0.00189117490721912
"668",20080910,0.00186300377622888
"669",20080911,0.00243748891798452
"670",20080912,0.00223743964432014
"671",20080915,0.00321744682910847
"672",20080916,0.00789196501167003
"673",20080917,0.0156991888801343
"674",20080918,0.0192727010633234
"675",20080919,0.00489273473828842
"676",20080922,0.00348399459256053
"677",20080923,0.00405720189221675
"678",20080924,0.00344780810072906
"679",20080925,0.0041049824277885
"680",20080926,0.00412802504605527
"681",20080929,0.0101241035884259
"682",20080930,0.0041260253903289
"683",20081001,0.00379868048374705
"684",20081002,0.00338423750720548
"685",20081003,0.00538601277085839
"686",20081006,0.00449804038105043
"687",20081007,0.0169113024051317
"688",20081008,0.0057795581238205
"689",20081009,0.00920044439988073
"690",20081010,0.0182318651362954
"691",20081013,0.00662152786951443
"692",20081014,0.00404981141228968
"693",20081015,0.00460469881138707
"694",20081016,0.00502896433497879
"695",20081017,0.00296420554503325
"696",20081020,0.00280843993823211
"697",20081021,0.00342706655317444
"698",20081022,0.00257622274834365
"699",20081023,0.00424832737925772
"700",20081024,0.00424331928068353
"701",20081027,0.00457734379783276
"702",20081028,0.00791137773563154
"703",20081029,0.00597757932213069
"704",20081030,0.00401366485374694
"705",20081031,0.00353310776703847
"706",20081103,0.00238706508536518
"707",20081104,0.00225611561200925
"708",20081105,0.00242637195243486
"709",20081106,0.00380562374184516
"710",20081107,0.00279699896449553
"711",20081110,0.00388595809034158
"712",20081111,0.00492226398147596
"713",20081112,0.00297977814866153
"714",20081113,0.00535876657340793
"715",20081114,0.00456707862371763
"716",20081117,0.00417977749658078
"717",20081118,0.00323534744762214
"718",20081119,0.00370577383783064
"719",20081120,0.00740115231583127
"720",20081121,0.00487916364191921
"721",20081124,0.00558822959082205
"722",20081125,0.00430904057421927
"723",20081126,0.00236236006195257
"724",20081128,0.00380375984915561
"725",20081201,0.00348202827307535
"726",20081202,0.00388295599248718
"727",20081203,0.00482196872621757
"728",20081204,0.00324243525831266
"729",20081205,0.00376258576070537
"730",20081208,0.00322832291856001
"731",20081209,0.00275071460655405
"732",20081210,0.00246554563325959
"733",20081211,0.00221479967844574
"734",20081212,0.00280184195979894
"735",20081215,0.00207452839176568
"736",20081216,0.00303940284478279
"737",20081217,0.00412072141724737
"738",20081218,0.00238236870817057
"739",20081219,0.00223494454859663
"740",20081222,0.00196858679950319
"741",20081223,0.00136730134361578
"742",20081224,0.00120120403415294
"743",20081226,0.000903352336732354
"744",20081229,0.00126366158757477
"745",20081230,0.00112571138912573
"746",20081231,0.00125754767919513
"747",20090102,0.00163904104584656
"748",20090105,0.00172731455323614
"749",20090106,0.00195970732667255
"750",20090107,0.00195377309992536
"751",20090108,0.00172094778862772
"752",20090109,0.00177823868447239
"753",20090112,0.00209162545791548
"754",20090113,0.00264395579273562
"755",20090114,0.00263887740825494
"756",20090115,0.00334921344634604
"757",20090116,0.00471852056102018
"758",20090120,0.00299397744257355
"759",20090121,0.00322736476069088
"760",20090122,0.00470239729183016
"761",20090123,0.00336892534515808
"762",20090126,0.00297129695714712
"763",20090127,0.00250886075083693
"764",20090128,0.00256777109808173
"765",20090129,0.00247639769152134
"766",20090130,0.00332267480919845
"767",20090202,0.00262735521460142
"768",20090203,0.00252877391421143
"769",20090204,0.00272335441985016
"770",20090205,0.00270076586175108
"771",20090206,0.00265179218953787
"772",20090209,0.0024849067369066
"773",20090210,0.00360645029118753
"774",20090211,0.00225337442930308
"775",20090212,0.00217274548695725
"776",20090213,0.0020016164927183
"777",20090217,0.00201172983830759
"778",20090218,0.00311856240332657
"779",20090219,0.00236203121002052
"780",20090220,0.00373880063781019
"781",20090223,0.00256145147384613
"782",20090224,0.00301040212091321
"783",20090225,0.00328348557196894
"784",20090226,0.00218614724777347
"785",20090227,0.00246520167451266
"786",20090302,0.0022444076673182
"787",20090303,0.00350529303788469
"788",20090304,0.00257873919423649
"789",20090305,0.00279730898827396
"790",20090306,0.00399027940649339
"791",20090309,0.00280665554575584
"792",20090310,0.00281883831016651
"793",20090311,0.0030951933083567
"794",20090312,0.00218323804469523
"795",20090313,0.00293606394717254
"796",20090316,0.00283833028754358
"797",20090317,0.00227084992021398
"798",20090318,0.00361101597493143
"799",20090319,0.0029506365302537
"800",20090320,0.00286058298280094
"801",20090323,0.00222073594417926
"802",20090324,0.00288017512227439
"803",20090325,0.00340630296375131
"804",20090326,0.00290465872627266
"805",20090327,0.00214109274619591
"806",20090330,0.00182138674181016
"807",20090331,0.00183506501182289
"808",20090401,0.00193019002447642
"809",20090402,0.00247805941780901
"810",20090403,0.00194093541525871
"811",20090406,0.00149127626514803
"812",20090407,0.00187151954774241
"813",20090408,0.00189551196563062
"814",20090409,0.00147069091123921
"815",20090413,0.00168479958462502
"816",20090414,0.00184430327599966
"817",20090415,0.0019344196455039
"818",20090416,0.00157484762280842
"819",20090417,0.00214949704296249
"820",20090420,0.00206682742701621
"821",20090421,0.00244721146577546
"822",20090422,0.00272752887175439
"823",20090423,0.00219358949115494
"824",20090424,0.00301708654445388
"825",20090427,0.00148334305122098
"826",20090428,0.00136353299454072
"827",20090429,0.00157201178015813
"828",20090430,0.00134704756567656
"829",20090501,0.0019373114874442
"830",20090504,0.00149067943019405
"831",20090505,0.00151869088605063
"832",20090506,0.00201935376726284
"833",20090507,0.00181861158621347
"834",20090508,0.00229714404085289
"835",20090511,0.00152771294174283
"836",20090512,0.00178069475899204
"837",20090513,0.0014860886656008
"838",20090514,0.00152342085816294
"839",20090515,0.00113751924971912
"840",20090518,0.00118372481817667
"841",20090519,0.0014684651021181
"842",20090520,0.00163596957074231
"843",20090521,0.00146547344999298
"844",20090522,0.000960152796721024
"845",20090526,0.00130603138973665
"846",20090527,0.00142485656961962
"847",20090528,0.00139303246884189
"848",20090529,0.000727274711020494
"849",20090601,0.00118219186153799
"850",20090602,0.00132034293591283
"851",20090603,0.00114201076744452
"852",20090604,0.00109179755483617
"853",20090605,0.000914666442889813
"854",20090608,0.000871450911359427
"855",20090609,0.00089633916185522
"856",20090610,0.00155328142501803
"857",20090611,0.00109790319037704
"858",20090612,0.000640595077655268
"859",20090615,0.000922988792068947
"860",20090616,0.00113124563177993
"861",20090617,0.00143356946352502
"862",20090618,0.000876946481323275
"863",20090619,0.000723130752646094
"864",20090622,0.00105831130472921
"865",20090623,0.00119643074726153
"866",20090624,0.00126873430957983
"867",20090625,0.00124738380906695
"868",20090626,0.000693434837758545
"869",20090629,0.000774800780694641
"870",20090630,0.00072480499837131
"871",20090701,0.000882595970653406
"872",20090702,0.000694251371695759
"873",20090706,0.000886761864265102
"874",20090707,0.000971501666883056
"875",20090708,0.00148718954956677
"876",20090709,0.00102390379928413
"877",20090710,0.00101824010491948
"878",20090713,0.00103707500635458
"879",20090714,0.00100597915760823
"880",20090715,0.000892251618573622
"881",20090716,0.000934100791181552
"882",20090717,0.000904911739224207
"883",20090720,0.000879648952744523
"884",20090721,0.00111957445834197
"885",20090722,0.00153341833292126
"886",20090723,0.00115685258783691
"887",20090724,0.000952781319741682
"888",20090727,0.000822626302988821
"889",20090728,0.000828801064639114
"890",20090729,0.000886232298253039
"891",20090730,0.000778166148290032
"892",20090731,0.000767079831322183
"893",20090803,0.000732019918589776
"894",20090804,0.000833046444265651
"895",20090805,0.000798094402936438
"896",20090806,0.00103374941519502
"897",20090807,0.00102530719052118
"898",20090810,0.000942171924541684
"899",20090811,0.00102620437419551
"900",20090812,0.00108118930090181
"901",20090813,0.000789095967170056
"902",20090814,0.000591241404177296
"903",20090817,0.000650150540171083
"904",20090818,0.000565887638427161
"905",20090819,0.000804934838367997
"906",20090820,0.000619748072890073
"907",20090821,0.000715633386445535
"908",20090824,0.000781331404181841
"909",20090825,0.000717264345548139
"910",20090826,0.000725145044249871
"911",20090827,0.000625262912928095
"912",20090828,0.000645315165810839
"913",20090831,0.000577211811331192
"914",20090901,0.00098211624967105
"915",20090902,0.000931346593170436
"916",20090903,0.000632085434622865
"917",20090904,0.000700741290635023
"918",20090908,0.000685420967837887
"919",20090909,0.000960743959033638
"920",20090910,0.000820323097804531
"921",20090911,0.000867228741306821
"922",20090914,0.00076242945269784
"923",20090915,0.00105061558298343
"924",20090916,0.000972712967833877
"925",20090917,0.0011316964894374
"926",20090918,0.000630329601109367
"927",20090921,0.000621897518600208
"928",20090922,0.000796672862179536
"929",20090923,0.000908222057384698
"930",20090924,0.00111542934049621
"931",20090925,0.00095254575537979
"932",20090928,0.000700839750310578
"933",20090929,0.00077894413658394
"934",20090930,0.000873879861802446
"935",20091001,0.000783890139402981
"936",20091002,0.00109430575644783
"937",20091005,0.000636117658683195
"938",20091006,0.00113726432650133
"939",20091007,0.000746644228955506
"940",20091008,0.000685764639832505
"941",20091009,0.000458764796116612
"942",20091012,0.000612353085939543
"943",20091013,0.000601507415614614
"944",20091014,0.000897869653646674
"945",20091015,0.000646003914419881
"946",20091016,0.000681610404450059
"947",20091019,0.000653345124129629
"948",20091020,0.000785556686333298
"949",20091021,0.0009885011866498
"950",20091022,0.000849470651020561
"951",20091023,0.000892209854859122
"952",20091026,0.00105699702239615
"953",20091027,0.000873213062911528
"954",20091028,0.0010007060831347
"955",20091029,0.000747157208995741
"956",20091030,0.00105347611550782
"957",20091102,0.0014384752468839
"958",20091103,0.0011797351027701
"959",20091104,0.0010746845124879
"960",20091105,0.000987855216642078
"961",20091106,0.000946837672689083
"962",20091109,0.00071047684829778
"963",20091110,0.00072540782830435
"964",20091111,0.000815292746674792
"965",20091112,0.000644666568905498
"966",20091113,0.000567027726538716
"967",20091116,0.000847433561407613
"968",20091117,0.000605087796099158
"969",20091118,0.000666546942027335
"970",20091119,0.000633365652954443
"971",20091120,0.000601075293075277
"972",20091123,0.000531191675688522
"973",20091124,0.000511560176567344
"974",20091125,0.000590138359645275
"975",20091127,0.000703992381081065
"976",20091130,0.000730806219434238
"977",20091201,0.000612901327902302
"978",20091202,0.000587069199081663
"979",20091203,0.000658036755227845
"980",20091204,0.000898470204652769
"981",20091207,0.000575235469642478
"982",20091208,0.000906964756781711
"983",20091209,0.000676537053829424
"984",20091210,0.000720105301017414
"985",20091211,0.000521549672694148
"986",20091214,0.000617355303169705
"987",20091215,0.000484348103956639
"988",20091216,0.000538321711172044
"989",20091217,0.000682953667404228
"990",20091218,0.000626459717545958
"991",20091221,0.000545134182741026
"992",20091222,0.000491075873217438
"993",20091223,0.000435550967924976
"994",20091224,0.000498544881635275
"995",20091228,0.000407078754650447
"996",20091229,0.000499782036303273
"997",20091230,0.000504993128622005
"998",20091231,0.000530940907978305
"999",20100104,0.000661727992016441
"1000",20100105,0.000731240732256467
"1001",20100106,0.000693762304784635
"1002",20100107,0.000672405356179126
"1003",20100108,0.000714705074028342
"1004",20100111,0.000580022578260475
"1005",20100112,0.000627014167547188
"1006",20100113,0.00103877709985862
"1007",20100114,0.0009932704190387
"1008",20100115,0.000617435848272466
"1009",20100119,0.000719121596991057
"1010",20100120,0.000906446568881583
"1011",20100121,0.00229377618888264
"1012",20100122,0.00105372995827128
"1013",20100125,0.0010464403951539
"1014",20100126,0.000942258107415755
"1015",20100127,0.000919204533275318
"1016",20100128,0.00115657655317555
"1017",20100129,0.00108506905050288
"1018",20100201,0.00102110889377631
"1019",20100202,0.00076033475294749
"1020",20100203,0.000799824244376166
"1021",20100204,0.0010006024024203
"1022",20100205,0.00108938661702716
"1023",20100208,0.000938184910569937
"1024",20100209,0.00126879959351599
"1025",20100210,0.000827080101485855
"1026",20100211,0.000775114452263173
"1027",20100212,0.000871479735653677
"1028",20100216,0.000699623374077067
"1029",20100217,0.000643385505631014
"1030",20100218,0.000603950518908104
"1031",20100219,0.000641151230991391
"1032",20100222,0.000504924015105925
"1033",20100223,0.000836741371414764
"1034",20100224,0.000631225341434995
"1035",20100225,0.000657470968473904
"1036",20100226,0.000640299887416645
"1037",20100301,0.000508716934503479
"1038",20100302,0.000566647420860859
"1039",20100303,0.000667187417209415
"1040",20100304,0.000691412297056382
"1041",20100305,0.000547055833967442
"1042",20100308,0.000575156888242401
"1043",20100309,0.000597371640588395
"1044",20100310,0.000829771788136072
"1045",20100311,0.000581371616104254
"1046",20100312,0.000698274146013859
"1047",20100315,0.00102832321351437
"1048",20100316,0.000795431504160355
"1049",20100317,0.000656836385875958
"1050",20100318,0.000745025857224523
"1051",20100319,0.000639823230274581
"1052",20100322,0.000707156083672459
"1053",20100323,0.000546513494619717
"1054",20100324,0.000644554953375923
"1055",20100325,0.000821301014619346
"1056",20100326,0.000908651028953767
"1057",20100329,0.000672972135510915
"1058",20100330,0.000623481939391112
"1059",20100331,0.000663295536768695
"1060",20100401,0.000513967246209012
"1061",20100405,0.000513492359173507
"1062",20100406,0.000615550189087288
"1063",20100407,0.000749553756790573
"1064",20100408,0.000740917536805492
"1065",20100409,0.000659974105585742
"1066",20100412,0.00063336999309166
"1067",20100413,0.000504549583698935
"1068",20100414,0.00056192587139611
"1069",20100415,0.000656157429476286
"1070",20100416,0.00226836568704375
"1071",20100419,0.000942596271183831
"1072",20100420,0.000782145346336076
"1073",20100421,0.00109790986582502
"1074",20100422,0.000815266557515297
"1075",20100423,0.000735216957527825
"1076",20100426,0.000649148150979087
"1077",20100427,0.00134088315747953
"1078",20100428,0.00123244233189003
"1079",20100429,0.000903303839050643
"1080",20100430,0.000945525509626841
"1081",20100503,0.00077136798683684
"1082",20100504,0.000999752397726129
"1083",20100505,0.000969995498006159
"1084",20100506,0.00143457343912505
"1085",20100507,0.00176411152776301
"1086",20100510,0.00115649658322817
"1087",20100511,0.000981977754386476
"1088",20100512,0.00127605508657117
"1089",20100513,0.000692098447055588
"1090",20100514,0.000849136574834418
"1091",20100517,0.00111854473506185
"1092",20100518,0.0011627886612081
"1093",20100519,0.00143642295322494
"1094",20100520,0.0013383185576358
"1095",20100521,0.00121199066941941
"1096",20100524,0.00102886760995657
"1097",20100525,0.00115102580912574
"1098",20100526,0.000989418537471164
"1099",20100527,0.000781857815150411
"1100",20100528,0.00100895287730679
"1101",20100601,0.000753461571404259
"1102",20100602,0.000789210241795544
"1103",20100603,0.000853574615615994
"1104",20100604,0.00092078250142088
"1105",20100607,0.00093037209944525
"1106",20100608,0.00121795178829533
"1107",20100609,0.00101589772388163
"1108",20100610,0.00106801494890213
"1109",20100611,0.000801769165675331
"1110",20100614,0.000848443326571219
"1111",20100615,0.000641806905292189
"1112",20100616,0.000606004774048159
"1113",20100617,0.000694729590719879
"1114",20100618,0.000629947783237391
"1115",20100621,0.000542864648204933
"1116",20100622,0.000845731717790773
"1117",20100623,0.000739010107906699
"1118",20100624,0.000788135751315388
"1119",20100625,0.000877510538009411
"1120",20100628,0.000794581585684005
"1121",20100629,0.00096431758254514
"1122",20100630,0.000726180418564541
"1123",20100701,0.00118169265320007
"1124",20100702,0.000953146858131036
"1125",20100706,0.00100015609854407
"1126",20100707,0.000944592872151596
"1127",20100708,0.000845633349336946
"1128",20100709,0.000588117579700802
"1129",20100712,0.00070773194031589
"1130",20100713,0.000598692445078818
"1131",20100714,0.000749525759071615
"1132",20100715,0.000772584711006214
"1133",20100716,0.000818502358403037
"1134",20100719,0.000811399609881468
"1135",20100720,0.0010209434773887
"1136",20100721,0.00124152560918461
"1137",20100722,0.000912127206590688
"1138",20100723,0.000852885281543941
"1139",20100726,0.000696761261897585
"1140",20100727,0.000699711886635691
"1141",20100728,0.000738483264419207
"1142",20100729,0.000867882145424453
"1143",20100730,0.000738593814222101
"1144",20100802,0.000631607004466636
"1145",20100803,0.000548686978627893
"1146",20100804,0.000742619505881412
"1147",20100805,0.000638447655230061
"1148",20100806,0.000711938557893127
"1149",20100809,0.00041991397920434
"1150",20100810,0.00075534631423564
"1151",20100811,0.000577712095254246
"1152",20100812,0.000605942928594723
"1153",20100813,0.000623225821680581
"1154",20100816,0.000537190537137396
"1155",20100817,0.000506285237254263
"1156",20100818,0.000606349357543752
"1157",20100819,0.000641915806500025
"1158",20100820,0.000624876958879367
"1159",20100823,0.000627876512666931
"1160",20100824,0.00065674868641589
"1161",20100825,0.000634459020180085
"1162",20100826,0.000748222463472553
"1163",20100827,0.000698290116757263
"1164",20100830,0.000487213218123473
"1165",20100831,0.000762981120550733
"1166",20100901,0.000615440377320584
"1167",20100902,0.000472094625956223
"1168",20100903,0.000580590665855636
"1169",20100907,0.000564431285399354
"1170",20100908,0.000621931067305381
"1171",20100909,0.000702877525479357
"1172",20100910,0.00050411862736915
"1173",20100913,0.000530845156019932
"1174",20100914,0.000648183140481173
"1175",20100915,0.000728504632094904
"1176",20100916,0.00054060361505658
"1177",20100917,0.000555359739702454
"1178",20100920,0.000525205577080144
"1179",20100921,0.00074884770340231
"1180",20100922,0.000675627433584981
"1181",20100923,0.000720642783661267
"1182",20100924,0.000554897546900123
"1183",20100927,0.000602152406187192
"1184",20100928,0.000690184088472902
"1185",20100929,0.000671261655711038
"1186",20100930,0.000765337406972501
"1187",20101001,0.000587174634668968
"1188",20101004,0.00064535939123136
"1189",20101005,0.00064417377731166
"1190",20101006,0.000701177257016386
"1191",20101007,0.000658952244276912
"1192",20101008,0.000659400888899601
"1193",20101011,0.000434026177496802
"1194",20101012,0.000605514036655431
"1195",20101013,0.000608301614197142
"1196",20101014,0.000604068428422262
"1197",20101015,0.000908204612846072
"1198",20101018,0.000632803988795504
"1199",20101019,0.00123030124395351
"1200",20101020,0.00142659683912485
"1201",20101021,0.000937660891605784
"1202",20101022,0.000613134691207738
"1203",20101025,0.000632930653869708
"1204",20101026,0.000640225060880199
"1205",20101027,0.000675345460111743
"1206",20101028,0.000655306453853759
"1207",20101029,0.000410657739806728
"1208",20101101,0.000527608377149231
"1209",20101102,0.000534561950077693
"1210",20101103,0.000797357918395362
"1211",20101104,0.00054481635996588
"1212",20101105,0.000661407470216644
"1213",20101108,0.000742512126621361
"1214",20101109,0.000672719788686803
"1215",20101110,0.000783268455809359
"1216",20101111,0.000705783719094278
"1217",20101112,0.000796939955483244
"1218",20101115,0.000717055874531423
"1219",20101116,0.000799833013379547
"1220",20101117,0.000634908623963496
"1221",20101118,0.000552226836804445
"1222",20101119,0.000623698673582358
"1223",20101122,0.000669268214235773
"1224",20101123,0.000605381736742648
"1225",20101124,0.00048579752536363
"1226",20101126,0.000556952844795907
"1227",20101129,0.000749405966156676
"1228",20101130,0.000597276405640901
"1229",20101201,0.000562687234848327
"1230",20101202,0.000643520897209862
"1231",20101203,0.000534590315499757
"1232",20101206,0.000517895234019519
"1233",20101207,0.000653447712339755
"1234",20101208,0.000568616981948196
"1235",20101209,0.000653126934321742
"1236",20101210,0.000478569749636514
"1237",20101213,0.000383739586893992
"1238",20101214,0.000610125174406656
"1239",20101215,0.000768954160129179
"1240",20101216,0.000510318432199272
"1241",20101217,0.000735032967537283
"1242",20101220,0.000451015909734033
"1243",20101221,0.000462664058474461
"1244",20101222,0.000539526506500686
"1245",20101223,0.000432411483422415
"1246",20101227,0.000413955689700811
"1247",20101228,0.000389145660411851
"1248",20101229,0.000478974706298687
"1249",20101230,0.000438006546260585
"1250",20101231,0.000314970564863385
"1251",20110103,0.000678859499097234
"1252",20110104,0.00056069056564025
"1253",20110105,0.000578043238905549
"1254",20110106,0.000598702387322622
"1255",20110107,0.00090919495125425
"1256",20110110,0.000635041016984299
"1257",20110111,0.000609002498656686
"1258",20110112,0.000477841485228985
"1259",20110113,0.000562967705296959
"1260",20110114,0.000578354460157499
"1261",20110118,0.000437560290501148
"1262",20110119,0.000715664242658828
"1263",20110120,0.0012405468480844
"1264",20110121,0.000877167102341611
"1265",20110124,0.000543803960652055
"1266",20110125,0.000665955273936068
"1267",20110126,0.000596269797217572
"1268",20110127,0.000737248194329321
"1269",20110128,0.000813221091685898
"1270",20110131,0.000631164779871045
"1271",20110201,0.000570239671544528
"1272",20110202,0.000634731464327122
"1273",20110203,0.000485032367189432
"1274",20110204,0.000475275346106121
"1275",20110207,0.000525401137290608
"1276",20110208,0.000560129884675485
"1277",20110209,0.000781595143967357
"1278",20110210,0.000574839086860004
"1279",20110211,0.000693119676204762
"1280",20110214,0.000497580262782949
"1281",20110215,0.0005616643163319
"1282",20110216,0.000623950413866595
"1283",20110217,0.000465666087381782
"1284",20110218,0.000520318476700173
"1285",20110222,0.000777553577295945
"1286",20110223,0.00092531416441641
"1287",20110224,0.000800715140732278
"1288",20110225,0.000564579368204725
"1289",20110228,0.000561977822154717
"1290",20110301,0.000711839742903956
"1291",20110302,0.000797705601116193
"1292",20110303,0.000540981978229182
"1293",20110304,0.000722001505458685
"1294",20110307,0.0007149251465677
"1295",20110308,0.000483066389513487
"1296",20110309,0.000639356502328209
"1297",20110310,0.000643999734862848
"1298",20110311,0.000482163767688598
"1299",20110314,0.000592788109952584
"1300",20110315,0.00076583820921687
"1301",20110316,0.00115680485341839
"1302",20110317,0.000709383379217882
"1303",20110318,0.000824050198391025
"1304",20110321,0.000478416027930784
"1305",20110322,0.000381228049282074
"1306",20110323,0.000444057085575973
"1307",20110324,0.000516079206919786
"1308",20110325,0.000456464372690932
"1309",20110328,0.000386395140512314
"1310",20110329,0.000461236604752112
"1311",20110330,0.000533507688153918
"1312",20110331,0.000476686508069606
"1313",20110401,0.0003765836029182
"1314",20110404,0.000331556715414133
"1315",20110405,0.000456044116092208
"1316",20110406,0.000599592030662886
"1317",20110407,0.000646475383914838
"1318",20110408,0.000497690606513289
"1319",20110411,0.000518878379905131
"1320",20110412,0.000551123425566602
"1321",20110413,0.000559174337117099
"1322",20110414,0.000535612357888496
"1323",20110415,0.000432967514220701
"1324",20110418,0.000619247484580359
"1325",20110419,0.000565352956487621
"1326",20110420,0.000758746955970645
"1327",20110421,0.00076030092335143
"1328",20110425,0.000491671680230695
"1329",20110426,0.000528107936102897
"1330",20110427,0.000537994298372331
"1331",20110428,0.000472826102781543
"1332",20110429,0.000519344627930908
"1333",20110502,0.00053903423220558
"1334",20110503,0.000514839256213463
"1335",20110504,0.00054990004696883
"1336",20110505,0.000571095903086321
"1337",20110506,0.000743886763459045
"1338",20110509,0.0004185482759464
"1339",20110510,0.00043060649145457
"1340",20110511,0.000614235823483116
"1341",20110512,0.000698815538123293
"1342",20110513,0.000599709939639038
"1343",20110516,0.000566971716840543
"1344",20110517,0.000640433670297766
"1345",20110518,0.000510479546354726
"1346",20110519,0.000480439450882233
"1347",20110520,0.000458673786108872
"1348",20110523,0.000558266020606239
"1349",20110524,0.000530070964540311
"1350",20110525,0.00040816045927089
"1351",20110526,0.000481684670984058
"1352",20110527,0.000449342278817516
"1353",20110531,0.000439538227366953
"1354",20110601,0.000553477185929682
"1355",20110602,0.000795444011592901
"1356",20110603,0.00060296134417614
"1357",20110606,0.000529046199149987
"1358",20110607,0.000658057125105277
"1359",20110608,0.000640091999803121
"1360",20110609,0.000580373649258231
"1361",20110610,0.00114535284573705
"1362",20110613,0.000833628781988812
"1363",20110614,0.0006627696055146
"1364",20110615,0.000912538776763206
"1365",20110616,0.000740478989091661
"1366",20110617,0.000571613709475567
"1367",20110620,0.000497584134465034
"1368",20110621,0.000605874452858998
"1369",20110622,0.000666271831465511
"1370",20110623,0.000631534205901879
"1371",20110624,0.000676959643887709
"1372",20110627,0.000604997076097796
"1373",20110628,0.000516382564708399
"1374",20110629,0.000851631123021587
"1375",20110630,0.000619490007944158
"1376",20110701,0.000478933883484213
"1377",20110705,0.000647696149035716
"1378",20110706,0.000647796498193584
"1379",20110707,0.000555332862469935
"1380",20110708,0.000559140732571606
"1381",20110711,0.000580381718424844
"1382",20110712,0.00078618156997932
"1383",20110713,0.00060584822842856
"1384",20110714,0.000852620135289121
"1385",20110715,0.000731501627224912
"1386",20110718,0.000779780860353971
"1387",20110719,0.000976591041719118
"1388",20110720,0.000581438088817124
"1389",20110721,0.00165277017574714
"1390",20110722,0.000836730130685526
"1391",20110725,0.000526769589149358
"1392",20110726,0.000727765965784597
"1393",20110727,0.000815523200020816
"1394",20110728,0.000756664643549354
"1395",20110729,0.000893513896619097
"1396",20110801,0.000956823362655805
"1397",20110802,0.000949742978593142
"1398",20110803,0.00102629836714726
"1399",20110804,0.00137209741633168
"1400",20110805,0.00235517345811918
"1401",20110808,0.00265790833598167
"1402",20110809,0.0019491312945315
"1403",20110810,0.0021162703507827
"1404",20110811,0.00160507197345787
"1405",20110812,0.00156191099673647
"1406",20110815,0.00106419045117891
"1407",20110816,0.0015347511434758
"1408",20110817,0.00106961423365558
"1409",20110818,0.00136034174704082
"1410",20110819,0.00131139076600838
"1411",20110822,0.00132856377458351
"1412",20110823,0.00141384043008973
"1413",20110824,0.00140283896833257
"1414",20110825,0.00179401979700045
"1415",20110826,0.00146669383761467
"1416",20110829,0.000753931533990728
"1417",20110830,0.00104024445993325
"1418",20110831,0.000914682463776402
"1419",20110901,0.00114288314433076
"1420",20110902,0.000855389536071219
"1421",20110906,0.000915650639129396
"1422",20110907,0.000802769854714132
"1423",20110908,0.00115019142151519
"1424",20110909,0.00135888469059675
"1425",20110912,0.00111734836702477
"1426",20110913,0.00112810074176147
"1427",20110914,0.00106034095081767
"1428",20110915,0.00125867371553339
"1429",20110916,0.00119858513534436
"1430",20110919,0.000948212076355187
"1431",20110920,0.000939253241986925
"1432",20110921,0.00157530385176235
"1433",20110922,0.00241543662728759
"1434",20110923,0.00180267546882936
"1435",20110926,0.00173658294916019
"1436",20110927,0.00135882210168437
"1437",20110928,0.00149101159598759
"1438",20110929,0.00166899609558201
"1439",20110930,0.00147591831195339
"1440",20111003,0.00248808007480299
"1441",20111004,0.00250473852083323
"1442",20111005,0.00234189546397059
"1443",20111006,0.00251476398013762
"1444",20111007,0.00216460905586306
"1445",20111010,0.00124753274417076
"1446",20111011,0.00188209276388074
"1447",20111012,0.00147061608323585
"1448",20111013,0.00169500370909219
"1449",20111014,0.00134402093607897
"1450",20111017,0.00127856353992397
"1451",20111018,0.00138235887445928
"1452",20111019,0.00194310706145195
"1453",20111020,0.0019370223727703
"1454",20111021,0.00132028703721231
"1455",20111024,0.00106554427970817
"1456",20111025,0.0011643961114263
"1457",20111026,0.00135598283403232
"1458",20111027,0.00145351002961139
"1459",20111028,0.00142750732099632
"1460",20111031,0.000865048864655489
"1461",20111101,0.00197743426202956
"1462",20111102,0.00137682346254347
"1463",20111103,0.00150226715210458
"1464",20111104,0.00126858061876308
"1465",20111107,0.00119294353385221
"1466",20111108,0.00126812167221278
"1467",20111109,0.00119455111004862
"1468",20111110,0.00179546788284055
"1469",20111111,0.00079282247973209
"1470",20111114,0.000980576561365525
"1471",20111115,0.00109365857445891
"1472",20111116,0.001150680511189
"1473",20111117,0.0016758501959534
"1474",20111118,0.0010934103960585
"1475",20111121,0.00131230664521333
"1476",20111122,0.00150340507485762
"1477",20111123,0.00145973821385113
"1478",20111125,0.00140409667275249
"1479",20111128,0.00122633628402624
"1480",20111129,0.00100325135672021
"1481",20111130,0.00100139543485229
"1482",20111201,0.00126562841201765
"1483",20111202,0.00155482555634807
"1484",20111205,0.0014053529999689
"1485",20111206,0.00115434917266138
"1486",20111207,0.00105341736139134
"1487",20111208,0.00130621609652043
"1488",20111209,0.000988940603829481
"1489",20111212,0.00109877240734644
"1490",20111213,0.00113067420223743
"1491",20111214,0.00121988807726979
"1492",20111215,0.00108487506837238
"1493",20111216,0.00109275979843001
"1494",20111219,0.00141733298592725
"1495",20111220,0.000894554764837642
"1496",20111221,0.00104489079086138
"1497",20111222,0.000820362012040757
"1498",20111223,0.000808849202871244
"1499",20111227,0.000698938327337005
"1500",20111228,0.000888472236084826
"1501",20111229,0.000945457328267341
"1502",20111230,0.000807034602311307
"1503",20120103,0.000845137751827859
"1504",20120104,0.000957293247687135
"1505",20120105,0.00128571560398361
"1506",20120106,0.000925568256664347
"1507",20120109,0.001076492893703
"1508",20120110,0.000911582019445376
"1509",20120111,0.000840209032881269
"1510",20120112,0.000881321283246552
"1511",20120113,0.00101554683425112
"1512",20120117,0.0010763397734641
"1513",20120118,0.00121864367035239
"1514",20120119,0.0012636926377777
"1515",20120120,0.000812249086383983
"1516",20120123,0.00110446794457871
"1517",20120124,0.000889795604338693
"1518",20120125,0.00105493795373201
"1519",20120126,0.00099397847533017
"1520",20120127,0.000935787633658559
"1521",20120130,0.000893878997933788
"1522",20120131,0.00104059525664468
"1523",20120201,0.00107433244094782
"1524",20120202,0.000826173550520638
"1525",20120203,0.000764624369861839
"1526",20120206,0.000625705367422595
"1527",20120207,0.000687012003155666
"1528",20120208,0.000731675802281877
"1529",20120209,0.000824746082890743
"1530",20120210,0.000658139720972171
"1531",20120213,0.000632527377517051
"1532",20120214,0.00080095626778145
"1533",20120215,0.00092999337057504
"1534",20120216,0.00099212406006048
"1535",20120217,0.000597945572534647
"1536",20120221,0.00068183432618853
"1537",20120222,0.000732871384979375
"1538",20120223,0.000741726588101951
"1539",20120224,0.000574813017069716
"1540",20120227,0.000772267322295922
"1541",20120228,0.000726992905305449
"1542",20120229,0.000822505444227491
"1543",20120301,0.000834324504447714
"1544",20120302,0.00081182372143234
"1545",20120305,0.00084233406374424
"1546",20120306,0.000849327620175108
"1547",20120307,0.000720302613283119
"1548",20120308,0.000753164896877252
"1549",20120309,0.000586462321588511
"1550",20120312,0.000596254185446033
"1551",20120313,0.000715400334769419
"1552",20120314,0.000923430645255725
"1553",20120315,0.000889515884474184
"1554",20120316,0.000741684582114951
"1555",20120319,0.000978609719787982
"1556",20120320,0.000985391977431795
"1557",20120321,0.000667177934611284
"1558",20120322,0.000648315595722904
"1559",20120323,0.000796973214951843
"1560",20120326,0.000667682153521957
"1561",20120327,0.00054802450716055
"1562",20120328,0.000860315402773451
"1563",20120329,0.000866207397681175
"1564",20120330,0.000731872795833628
"1565",20120402,0.000715098764122817
"1566",20120403,0.00100814711930255
"1567",20120404,0.000812756786139274
"1568",20120405,0.000872046137639712
"1569",20120409,0.000806956852785712
"1570",20120410,0.00115493075645664
"1571",20120411,0.000786771000190639
"1572",20120412,0.000716575158403123
"1573",20120413,0.000851963588100821
"1574",20120416,0.000868272453821519
"1575",20120417,0.000679986160158812
"1576",20120418,0.000822667290573266
"1577",20120419,0.00142260037484446
"1578",20120420,0.000763562087875038
"1579",20120423,0.000941772975522361
"1580",20120424,0.000755400141329113
"1581",20120425,0.00111789529787939
"1582",20120426,0.000706948062908832
"1583",20120427,0.000663713258960025
"1584",20120430,0.00081566201548089
"1585",20120501,0.000771176059547735
"1586",20120502,0.000691348693315116
"1587",20120503,0.000973979911170281
"1588",20120504,0.00069770248103278
"1589",20120507,0.000766146178106296
"1590",20120508,0.000903495890301332
"1591",20120509,0.00116606478480003
"1592",20120510,0.00103096001414762
"1593",20120511,0.00107716817763137
"1594",20120514,0.000697235429639998
"1595",20120515,0.00122829714257402
"1596",20120516,0.00120836190165846
"1597",20120517,0.00156176987967735
"1598",20120518,0.00141902055022761
"1599",20120521,0.00114563357977925
"1600",20120522,0.00119796394097363
"1601",20120523,0.00112452821605487
"1602",20120524,0.00116271202937629
"1603",20120525,0.000804305483098344
"1604",20120529,0.00081539254656147
"1605",20120530,0.000900945581539624
"1606",20120531,0.00116319039024552
"1607",20120601,0.000897995804465147
"1608",20120604,0.000923312538618986
"1609",20120605,0.00100004786869824
"1610",20120606,0.000950001260681753
"1611",20120607,0.00134086689077858
"1612",20120608,0.00107510011123346
"1613",20120611,0.000962381172201922
"1614",20120612,0.000952508401604475
"1615",20120613,0.00104022982017708
"1616",20120614,0.000876886417366536
"1617",20120615,0.00080850810119992
"1618",20120618,0.00104420812942357
"1619",20120619,0.000808788441024964
"1620",20120620,0.0013007555071585
"1621",20120621,0.00119558790612578
"1622",20120622,0.000928966915773599
"1623",20120625,0.00102704690622311
"1624",20120626,0.00106999577653445
"1625",20120627,0.000680184993160441
"1626",20120628,0.000801963070758617
"1627",20120629,0.00093337339946936
"1628",20120702,0.00076959823666417
"1629",20120703,0.000983775216947297
"1630",20120705,0.000811144590165568
"1631",20120706,0.00085870127940237
"1632",20120709,0.000811991276830155
"1633",20120710,0.000819626301743971
"1634",20120711,0.001069544720536
"1635",20120712,0.000818369347997951
"1636",20120713,0.000773458554171677
"1637",20120716,0.000656083063464217
"1638",20120717,0.00090314559289505
"1639",20120718,0.00075401721604844
"1640",20120719,0.0011727698001843
"1641",20120720,0.000909083610707424
"1642",20120723,0.000973318399456334
"1643",20120724,0.00109621572097457
"1644",20120725,0.00090134427341685
"1645",20120726,0.000831397972048739
"1646",20120727,0.00115447970583093
"1647",20120730,0.000688004518710105
"1648",20120731,0.000845131836876704
"1649",20120801,0.00106453689473628
"1650",20120802,0.000813886119470144
"1651",20120803,0.000748004918655072
"1652",20120806,0.000629882247057209
"1653",20120807,0.000633084744669204
"1654",20120808,0.00061570524946106
"1655",20120809,0.000756403356395936
"1656",20120810,0.000645134681570874
"1657",20120813,0.00052962984325734
"1658",20120814,0.000626304247741632
"1659",20120815,0.000548099553418491
"1660",20120816,0.000546851427005646
"1661",20120817,0.000560198752156312
"1662",20120820,0.000565331619331646
"1663",20120821,0.000909457848083425
"1664",20120822,0.000994651858913302
"1665",20120823,0.00080170832817922
"1666",20120824,0.000933263905603721
"1667",20120827,0.000721517238013506
"1668",20120828,0.000740391557751308
"1669",20120829,0.000845596567713214
"1670",20120830,0.000720024736612298
"1671",20120831,0.000996540960810082
"1672",20120904,0.000755137379425548
"1673",20120905,0.000723831393577655
"1674",20120906,0.000760731821505331
"1675",20120907,0.000930852066699348
"1676",20120910,0.000712968948949964
"1677",20120911,0.000847669719801238
"1678",20120912,0.000658834409772073
"1679",20120913,0.00158478156726688
"1680",20120914,0.000935405731010894
"1681",20120917,0.000725160317503384
"1682",20120918,0.000791477046073944
"1683",20120919,0.000601759399505818
"1684",20120920,0.000813276730328756
"1685",20120921,0.000785890161499261
"1686",20120924,0.000858065983623422
"1687",20120925,0.000747553534232291
"1688",20120926,0.000890470482295665
"1689",20120927,0.00082272452361417
"1690",20120928,0.00101689955050823
"1691",20121001,0.00090221939074575
"1692",20121002,0.000838907089886381
"1693",20121003,0.000680363574887187
"1694",20121004,0.000662823479437859
"1695",20121005,0.000688004084694744
"1696",20121008,0.000479750126409561
"1697",20121009,0.000785830698724788
"1698",20121010,0.000750430648546547
"1699",20121011,0.000694275080108709
"1700",20121012,0.000838011767096422
"1701",20121015,0.000776609474623895
"1702",20121016,0.000617524753114543
"1703",20121017,0.000768106538784226
"1704",20121018,0.00110456157917201
"1705",20121019,0.000914828030119938
"1706",20121022,0.000885517018984345
"1707",20121023,0.000737097648655724
"1708",20121024,0.00079070635294823
"1709",20121025,0.000980809219273426
"1710",20121026,0.000765066153267317
"1711",20121031,0.000694267397115646
"1712",20121101,0.000618796969287594
"1713",20121102,0.000713003018553021
"1714",20121105,0.000656652160521971
"1715",20121106,0.000647374424338134
"1716",20121107,0.00101716545307542
"1717",20121108,0.000942967572217228
"1718",20121109,0.00115256612042594
"1719",20121112,0.000688691524716308
"1720",20121113,0.000802459441101169
"1721",20121114,0.000854471961563314
"1722",20121115,0.000904356431323311
"1723",20121116,0.0010241182707568
"1724",20121119,0.000673270604718659
"1725",20121120,0.000840941639480807
"1726",20121121,0.000647144570957074
"1727",20121123,0.000485075751199936
"1728",20121126,0.000624902012923119
"1729",20121127,0.000698661592107339
"1730",20121128,0.000839143674914811
"1731",20121129,0.000791506557267036
"1732",20121130,0.000589607033162341
"1733",20121203,0.00068731352461825
"1734",20121204,0.000733127750601193
"1735",20121205,0.000787710840114511
"1736",20121206,0.000543820297265339
"1737",20121207,0.000640594301975894
"1738",20121210,0.000468786429614695
"1739",20121211,0.000630980754432541
"1740",20121212,0.000760366390375829
"1741",20121213,0.000514123489379249
"1742",20121214,0.000733364109692141
"1743",20121217,0.000618470764013907
"1744",20121218,0.000701200452785877
"1745",20121219,0.000675623250318625
"1746",20121220,0.000582656794092697
"1747",20121221,0.000786865770123773
"1748",20121224,0.00057298924942229
"1749",20121226,0.000694002652674427
"1750",20121227,0.000722520532918479
"1751",20121228,0.000515173752296248
"1752",20121231,0.00107958246377575
"1753",20130102,0.000636223214719346
"1754",20130103,0.000573898925389465
"1755",20130104,0.00060129295156181
"1756",20130107,0.000662526165348598
"1757",20130108,0.000586069152764469
"1758",20130109,0.000647809789488154
"1759",20130110,0.000687403103234685
"1760",20130111,0.000547513722577245
"1761",20130114,0.000623090743223741
"1762",20130115,0.000587377677745439
"1763",20130116,0.000750665566311955
"1764",20130117,0.000547088234259789
"1765",20130118,0.00094468478603206
"1766",20130122,0.000647518018377219
"1767",20130123,0.000605290023322122
"1768",20130124,0.000671167242285359
"1769",20130125,0.000540084697379555
"1770",20130128,0.000522586093860919
"1771",20130129,0.00054234938496497
"1772",20130130,0.000512279838214068
"1773",20130131,0.000573110089620867
"1774",20130201,0.000654322584519945
"1775",20130204,0.000696789700972843
"1776",20130205,0.000601857752901873
"1777",20130206,0.000506118968839814
"1778",20130207,0.000643769265673747
"1779",20130208,0.000474146464702929
"1780",20130211,0.00052069137089081
"1781",20130212,0.000504028997171879
"1782",20130213,0.000547870819261237
"1783",20130214,0.000496191933785035
"1784",20130215,0.000563530875393527
"1785",20130219,0.000483702263962474
"1786",20130220,0.000687474150018434
"1787",20130221,0.000776487132698796
"1788",20130222,0.000573084565141072
"1789",20130225,0.000929328815379148
"1790",20130226,0.00124505953548894
"1791",20130227,0.000746973022711853
"1792",20130228,0.000562685567523099
"1793",20130301,0.000883209549846558
"1794",20130304,0.000799762638253314
"1795",20130305,0.000554278655769357
"1796",20130306,0.00061253789361337
"1797",20130307,0.000689198836160566
"1798",20130308,0.000685474537667958
"1799",20130311,0.000534679272337652
"1800",20130312,0.000694749171413539
"1801",20130313,0.000510408314570879
"1802",20130314,0.000722298836110499
"1803",20130315,0.000488371063888857
"1804",20130318,0.000636849585849204
"1805",20130319,0.00109504770481155
"1806",20130320,0.00061586378625378
"1807",20130321,0.000729837643843995
"1808",20130322,0.000663579483679613
"1809",20130325,0.000759443646880889
"1810",20130326,0.000629479264160154
"1811",20130327,0.000487024855720975
"1812",20130328,0.000413696610962983
"1813",20130401,0.000666065799719565
"1814",20130402,0.000497501936578041
"1815",20130403,0.000829297048506958
"1816",20130404,0.000687795213624014
"1817",20130405,0.000634325019324562
"1818",20130408,0.000563499436670844
"1819",20130409,0.000654559943417012
"1820",20130410,0.000644981235823802
"1821",20130411,0.000557731400202557
"1822",20130412,0.000704236666129983
"1823",20130415,0.000958084203277031
"1824",20130416,0.00094486144045521
"1825",20130417,0.00116371445985081
"1826",20130418,0.00130994189868153
"1827",20130419,0.000847340304689962
"1828",20130422,0.000625908638870674
"1829",20130423,0.00103036811355632
"1830",20130424,0.000548517913321927
"1831",20130425,0.000534858870156407
"1832",20130426,0.000557422426462732
"1833",20130429,0.000418738801735378
"1834",20130430,0.000552931981533294
"1835",20130501,0.000716073212733785
"1836",20130502,0.000594505823829817
"1837",20130503,0.000792061872220181
"1838",20130506,0.00053611189941113
"1839",20130507,0.000522029757171782
"1840",20130508,0.000526887010621467
"1841",20130509,0.000499578076498893
"1842",20130510,0.000605015619824632
"1843",20130513,0.000593225530553599
"1844",20130514,0.000562620477561405
"1845",20130515,0.000881258203258331
"1846",20130516,0.000524364841893371
"1847",20130517,0.000590303625897184
"1848",20130520,0.000607914592703065
"1849",20130521,0.000561832600890822
"1850",20130522,0.00102285770860018
"1851",20130523,0.000886080068446811
"1852",20130524,0.000599959199839141
"1853",20130528,0.000649011262824066
"1854",20130529,0.000684223154071584
"1855",20130530,0.000531196502404162
"1856",20130531,0.00053695238109714
"1857",20130603,0.00104414649980654
"1858",20130604,0.000998219843074366
"1859",20130605,0.000920352518785226
"1860",20130606,0.00103898558045214
"1861",20130607,0.00111423919093161
"1862",20130610,0.000593476650147379
"1863",20130611,0.000866867240691748
"1864",20130612,0.00109146970985028
"1865",20130613,0.000673243318619333
"1866",20130614,0.000766893427049713
"1867",20130617,0.000566215636917474
"1868",20130618,0.000531722233860677
"1869",20130619,0.000899753084728927
"1870",20130620,0.00109220247539142
"1871",20130621,0.00132992936623618
"1872",20130624,0.00106989837667266
"1873",20130625,0.000707624283155437
"1874",20130626,0.000608989629641954
"1875",20130627,0.000580157854275204
"1876",20130628,0.000711139662083397
"1877",20130701,0.000688033086016011
"1878",20130702,0.000768862380549056
"1879",20130703,0.000718173496137057
"1880",20130705,0.000563632465126138
"1881",20130708,0.00083203265396554
"1882",20130709,0.000704554413777652
"1883",20130710,0.000705782871159057
"1884",20130711,0.000564941168491129
"1885",20130712,0.000459255662989693
"1886",20130715,0.000626821142772694
"1887",20130716,0.000603953124657454
"1888",20130717,0.000569192263253659
"1889",20130718,0.000699585603467848
"1890",20130719,0.000617318645974014
"1891",20130722,0.000476648374433174
"1892",20130723,0.000455695900829069
"1893",20130724,0.000558288455052552
"1894",20130725,0.000525245312982908
"1895",20130726,0.00033746510555676
"1896",20130729,0.000489114273416643
"1897",20130730,0.000525517673723296
"1898",20130731,0.000784289196554246
"1899",20130801,0.000449078544624146
"1900",20130802,0.000395816217896733
"1901",20130805,0.000389783565585002
"1902",20130806,0.000453545870507122
"1903",20130807,0.000438579915638934
"1904",20130808,0.000450948260173414
"1905",20130809,0.000500973834282351
"1906",20130812,0.000428203967911355
"1907",20130813,0.000542651203685963
"1908",20130814,0.000597755944182948
"1909",20130815,0.000508468132968384
"1910",20130816,0.000503236752076895
"1911",20130819,0.000482932931042524
"1912",20130820,0.000524614354657142
"1913",20130821,0.000669771819760067
"1914",20130822,0.000537188972002784
"1915",20130823,0.000445721613653191
"1916",20130826,0.000374016764617388
"1917",20130827,0.000548042417831945
"1918",20130828,0.00053565618075544
"1919",20130829,0.000472811232278601
"1920",20130830,0.000668869623714558
"1921",20130903,0.000699740765847872
"1922",20130904,0.000484886065849768
"1923",20130905,0.00042474042611148
"1924",20130906,0.000529060307737231
"1925",20130909,0.000509096054171645
"1926",20130910,0.0003647385030135
"1927",20130911,0.000381522912736127
"1928",20130912,0.000438236315419923
"1929",20130913,0.000333141425252115
"1930",20130916,0.000472932884506505
"1931",20130917,0.000428120354529689
"1932",20130918,0.00109384808429264
"1933",20130919,0.000424412774775277
"1934",20130920,0.000746862153724909
"1935",20130923,0.000483547955889365
"1936",20130924,0.000557196397248714
"1937",20130925,0.000733485380077141
"1938",20130926,0.000481083024735935
"1939",20130927,0.000444015004557883
"1940",20130930,0.000567666512099798
"1941",20131001,0.000471378155893165
"1942",20131002,0.000526007363662061
"1943",20131003,0.000683887516046728
"1944",20131004,0.000452152329972626
"1945",20131007,0.000526920218736716
"1946",20131008,0.000643945771187067
"1947",20131009,0.00074094733155582
"1948",20131010,0.000539283361555729
"1949",20131011,0.000472351722547105
"1950",20131014,0.000456274244569992
"1951",20131015,0.000702206596259548
"1952",20131016,0.000521955366454145
"1953",20131017,0.000583217727134093
"1954",20131018,0.000770052954408593
"1955",20131021,0.000587033118511187
"1956",20131022,0.000537923032635951
"1957",20131023,0.000582930156048773
"1958",20131024,0.000396108702071167
"1959",20131025,0.000426945615657278
"1960",20131028,0.000414360170201182
"1961",20131029,0.000461351977959659
"1962",20131030,0.000616554436743789
"1963",20131031,0.000432211206205955
"1964",20131101,0.000516702284110354
"1965",20131104,0.000432048364099361
"1966",20131105,0.000364101166659823
"1967",20131106,0.000408010785833196
"1968",20131107,0.000505617706443724
"1969",20131108,0.000474290374762838
"1970",20131111,0.000375918408162655
"1971",20131112,0.00053784955577891
"1972",20131113,0.000470827198065764
"1973",20131114,0.000387759411707696
"1974",20131115,0.00031930857901319
"1975",20131118,0.000337602731851652
"1976",20131119,0.000557517428645322
"1977",20131120,0.000542061252479346
"1978",20131121,0.000359722889831769
"1979",20131122,0.000321574897086323
"1980",20131125,0.000386057665400571
"1981",20131126,0.00039353262132486
"1982",20131127,0.000338945414588744
"1983",20131129,0.000418341465877468
"1984",20131202,0.000392221718151019
"1985",20131203,0.000598754851662729
"1986",20131204,0.000560795756768629
"1987",20131205,0.000490131086626612
"1988",20131206,0.000316151399449806
"1989",20131209,0.000341167047048545
"1990",20131210,0.000554634129234729
"1991",20131211,0.000463381723594485
"1992",20131212,0.000473294692256812
"1993",20131213,0.000418673642114442
"1994",20131216,0.000429274929504955
"1995",20131217,0.000390987453868321
"1996",20131218,0.000852210243985587
"1997",20131219,0.000462756994438147
"1998",20131220,0.000408771271274591
"1999",20131223,0.000376739244764572
"2000",20131224,0.000349522486895622
"2001",20131226,0.000271560587467563
"2002",20131227,0.000298033025836214
"2003",20131230,0.000309730655599272
"2004",20131231,0.000295458497671724
"2005",20140102,0.000403788733807808
"2006",20140103,0.000398626042363232
"2007",20140106,0.000562636707228567
"2008",20140107,0.000418125946008183
"2009",20140108,0.000510103237830629
"2010",20140109,0.000459945857469308
"2011",20140110,0.000430189434895657
"2012",20140113,0.00045746833671782
"2013",20140114,0.000433450055400516
"2014",20140115,0.000545820393741623
"2015",20140116,0.000566413192105601
"2016",20140117,0.00059610576425565
"2017",20140121,0.000594525078549574
"2018",20140122,0.000526152549898544
"2019",20140123,0.000626341421323506
"2020",20140124,0.000797665859278999
"2021",20140127,0.000834981984483851
"2022",20140128,0.000608711908867112
"2023",20140129,0.000764220511494621
"2024",20140130,0.000546226863486193
"2025",20140131,0.000675376200697805
"2026",20140203,0.000732383208306693
"2027",20140204,0.000631638990801693
"2028",20140205,0.000600618249446355
"2029",20140206,0.000536104952838578
"2030",20140207,0.00061804188779171
"2031",20140210,0.000494087055827416
"2032",20140211,0.000596539089749915
"2033",20140212,0.000597513624316578
"2034",20140213,0.000509555941063014
"2035",20140214,0.000395107105215101
"2036",20140218,0.00048956261328219
"2037",20140219,0.000680888086294573
"2038",20140220,0.000528656502988474
"2039",20140221,0.000397034966038604
"2040",20140224,0.000430896003374956
"2041",20140225,0.000533125880302285
"2042",20140226,0.000710181164031232
"2043",20140227,0.000621965623343781
"2044",20140228,0.000682672343836644
"2045",20140303,0.000652857227982911
"2046",20140304,0.000433280839010552
"2047",20140305,0.000480050589566245
"2048",20140306,0.000482954398554721
"2049",20140307,0.000612687118503367
"2050",20140310,0.000499670107169771
"2051",20140311,0.000513629451843456
"2052",20140312,0.000510148901351392
"2053",20140313,0.000704243074176917
"2054",20140314,0.00068140792786614
"2055",20140317,0.000473486388860566
"2056",20140318,0.000457523299585415
"2057",20140319,0.000735486725325357
"2058",20140320,0.000598170699743507
"2059",20140321,0.000648375654155202
"2060",20140324,0.000527414156294599
"2061",20140325,0.000580220913912979
"2062",20140326,0.000604245728474072
"2063",20140327,0.000690836605148537
"2064",20140328,0.000501171205308423
"2065",20140331,0.000439199019116165
"2066",20140401,0.000374555063878499
"2067",20140402,0.000478970043958476
"2068",20140403,0.000524037651021642
"2069",20140404,0.000555401404460465
"2070",20140407,0.000518722588448415
"2071",20140408,0.000649395392985195
"2072",20140409,0.000600736732712472
"2073",20140410,0.000674952203095495
"2074",20140411,0.000663875899939718
"2075",20140414,0.000504230202455216
"2076",20140415,0.000931942240489808
"2077",20140416,0.000761032708941377
"2078",20140417,0.000916696657819017
"2079",20140421,0.00045965441999763
"2080",20140422,0.00044928874550248
"2081",20140423,0.000499337507616339
"2082",20140424,0.000531409916106044
"2083",20140425,0.000463688418919382
"2084",20140428,0.00072389437529821
"2085",20140429,0.000489860603955754
"2086",20140430,0.000546749070183833
"2087",20140501,0.00046885587891752
"2088",20140502,0.00052588110203297
"2089",20140505,0.00048533871849134
"2090",20140506,0.00054450586814245
"2091",20140507,0.000601502048671051
"2092",20140508,0.000591940319917816
"2093",20140509,0.000486086528690396
"2094",20140512,0.000407310142052789
"2095",20140513,0.000374718405848979
"2096",20140514,0.000305796892405415
"2097",20140515,0.00057972273375235
"2098",20140516,0.000507612170389054
"2099",20140519,0.000473652703208118
"2100",20140520,0.000555391731455931
"2101",20140521,0.000535440548407124
"2102",20140522,0.000406050704924432
"2103",20140523,0.000357691040718819
"2104",20140527,0.000532015811374599
"2105",20140528,0.00041973967808298
"2106",20140529,0.00038406050362279
"2107",20140530,0.000384664396427128
"2108",20140602,0.000427687672426731
"2109",20140603,0.000444899344190237
"2110",20140604,0.000367665551050824
"2111",20140605,0.000466138271531955
"2112",20140606,0.000377598078023921
"2113",20140609,0.000341385700895417
"2114",20140610,0.000369315980088393
"2115",20140611,0.000378827877669219
"2116",20140612,0.000417094913923097
"2117",20140613,0.000438581658702654
"2118",20140616,0.00045320406311885
"2119",20140617,0.000486875549765263
"2120",20140618,0.000526681617365129
"2121",20140619,0.000406071890114086
"2122",20140620,0.00034862133032838
"2123",20140623,0.000394724363883092
"2124",20140624,0.000404553623472006
"2125",20140625,0.00044581947988642
"2126",20140626,0.000452936358669061
"2127",20140627,0.00040639142959293
"2128",20140630,0.0004042831273646
"2129",20140701,0.000344232421746209
"2130",20140702,0.000412902131012043
"2131",20140703,0.000397031468620731
"2132",20140707,0.000409379653238769
"2133",20140708,0.000463090903383542
"2134",20140709,0.000393832750977125
"2135",20140710,0.000521185359488076
"2136",20140711,0.000377360539491499
"2137",20140714,0.000346082170366662
"2138",20140715,0.000509496559152711
"2139",20140716,0.000491316317456208
"2140",20140717,0.000714090556873691
"2141",20140718,0.000421675316583776
"2142",20140721,0.000333496198432854
"2143",20140722,0.000339898454884459
"2144",20140723,0.000332174680879384
"2145",20140724,0.000370335342774927
"2146",20140725,0.000349274860760895
"2147",20140728,0.000395201792871541
"2148",20140729,0.000430770426331252
"2149",20140730,0.000532036649409471
"2150",20140731,0.000468346261748787
"2151",20140801,0.000755635772838598
"2152",20140804,0.000460282805271662
"2153",20140805,0.000725654303771323
"2154",20140806,0.000468369493970998
"2155",20140807,0.000520041405545107
"2156",20140808,0.000501463570375351
"2157",20140811,0.000420778321315018
"2158",20140812,0.000422352740863551
"2159",20140813,0.00035134505056199
"2160",20140814,0.00024622052331843
"2161",20140815,0.000599101514936366
"2162",20140818,0.000306897645042517
"2163",20140819,0.000326170489987284
"2164",20140820,0.00038094310919511
"2165",20140821,0.00030027234567446
"2166",20140822,0.000431024462004086
"2167",20140825,0.000515016108972339
"2168",20140826,0.000347361805041749
"2169",20140827,0.00026222385162872
"2170",20140828,0.000311742960402468
"2171",20140829,0.000329738585203926
"2172",20140902,0.00042545480243937
"2173",20140903,0.000377505761241514
"2174",20140904,0.000428503308185759
"2175",20140905,0.000448867985184937
"2176",20140908,0.000467971295974657
"2177",20140909,0.000364266624517144
"2178",20140910,0.000435558847905749
"2179",20140911,0.000438701320359864
"2180",20140912,0.000451519961065435
"2181",20140915,0.000448777113334623
"2182",20140916,0.000452343472948215
"2183",20140917,0.000637133400887561
"2184",20140918,0.000452465758480111
"2185",20140919,0.000497013335936279
"2186",20140922,0.000509039638237022
"2187",20140923,0.000536314266791954
"2188",20140924,0.000414229314694909
"2189",20140925,0.000527694707045362
"2190",20140926,0.00044903646544268
"2191",20140929,0.000422665657524384
"2192",20140930,0.0004812695189744
"2193",20141001,0.000537356382377971
"2194",20141002,0.000575555759595528
"2195",20141003,0.000431586189189999
"2196",20141006,0.000569403504165604
"2197",20141007,0.000615985530493753
"2198",20141008,0.000753378362268343
"2199",20141009,0.000872567517658452
"2200",20141010,0.000912164881222128
"2201",20141013,0.000745311927957935
"2202",20141014,0.000705613187324036
"2203",20141015,0.00134055124877863
"2204",20141016,0.0012738044352294
"2205",20141017,0.000827629964088824
"2206",20141020,0.000612199167196302
"2207",20141021,0.000491782675646893
"2208",20141022,0.00056709636287829
"2209",20141023,0.000422610934021472
"2210",20141024,0.000469806568306362
"2211",20141027,0.000485093313487097
"2212",20141028,0.000392026468298489
"2213",20141029,0.000680381015636287
"2214",20141030,0.000566786348629139
"2215",20141031,0.000414611308259107
"2216",20141103,0.000403185149970827
"2217",20141104,0.000491276522652536
"2218",20141105,0.000393293317531308
"2219",20141106,0.000362137874947278
"2220",20141107,0.000336975426982966
"2221",20141110,0.000342924455440849
"2222",20141111,0.000373428008850876
"2223",20141112,0.000357164036144507
"2224",20141113,0.00040405909484965
"2225",20141114,0.000342507202976053
"2226",20141117,0.000407575469657757
"2227",20141118,0.000291589758097832
"2228",20141119,0.000379342126708692
"2229",20141120,0.000325907408113606
"2230",20141121,0.000332504197486891
"2231",20141124,0.00035709613747297
"2232",20141125,0.000272823124515165
"2233",20141126,0.000274244474365976
"2234",20141128,0.00024897139790608
"2235",20141201,0.000392408869662293
"2236",20141202,0.000346787976204025
"2237",20141203,0.000325724870320842
"2238",20141204,0.000517230749214779
"2239",20141205,0.000385844585013377
"2240",20141208,0.00055432998097312
"2241",20141209,0.000585250020418757
"2242",20141210,0.000626663783680464
"2243",20141211,0.00053940894752658
"2244",20141212,0.000635194411917923
"2245",20141215,0.000757443885304964
"2246",20141216,0.000845140147052836
"2247",20141217,0.000701618878510062
"2248",20141218,0.000482305229467344
"2249",20141219,0.000373385111444284
"2250",20141222,0.000329337201886563
"2251",20141223,0.000304117309852497
"2252",20141224,0.000318459711247282
"2253",20141226,0.000243074825638041
"2254",20141229,0.000288446549965675
"2255",20141230,0.000322194028206804
"2256",20141231,0.000379915988327063
"2257",20150102,0.000538968937352071
"2258",20150105,0.000695602612274412
"2259",20150106,0.000892479593539983
"2260",20150107,0.000665384970804212
"2261",20150108,0.000451100795249345
"2262",20150109,0.000628484585134604
"2263",20150112,0.000611331195353648
"2264",20150113,0.000768963779031139
"2265",20150114,0.000753849462760587
"2266",20150115,0.000796771468126037
"2267",20150116,0.000786249726356072
"2268",20150120,0.000715832150950767
"2269",20150121,0.000782933738326749
"2270",20150122,0.000754950823000222
"2271",20150123,0.000533788577709358
"2272",20150126,0.000493367622539544
"2273",20150127,0.000607999684853424
"2274",20150128,0.000824470677708566
"2275",20150129,0.000778224901486021
"2276",20150130,0.000666063391849215
"2277",20150202,0.000692140929814159
"2278",20150203,0.000643514943433427
"2279",20150204,0.000494714954540925
"2280",20150205,0.000402292224748007
"2281",20150206,0.000702196652399833
"2282",20150209,0.0004770900071748
"2283",20150210,0.000436201797999179
"2284",20150211,0.000522516721829166
"2285",20150212,0.000386763557358078
"2286",20150213,0.000437839073265924
"2287",20150217,0.000395236477125081
"2288",20150218,0.000517613849712499
"2289",20150219,0.000444930499856157
"2290",20150220,0.00057436475805559
"2291",20150223,0.000315453028495977
"2292",20150224,0.000480619845060327
"2293",20150225,0.000396044741683071
"2294",20150226,0.0004319614740909
"2295",20150227,0.000370969124177633
"2296",20150302,0.000380035924123162
"2297",20150303,0.000426574903929392
"2298",20150304,0.000417770766256894
"2299",20150305,0.000440348822021838
"2300",20150306,0.000762392375431331
"2301",20150309,0.000417967177223441
"2302",20150310,0.000569390633487263
"2303",20150311,0.000563052844716372
"2304",20150312,0.000467720683224222
"2305",20150313,0.000588647133967656
"2306",20150316,0.000437519392481243
"2307",20150317,0.000523567223814505
"2308",20150318,0.000777730107479847
"2309",20150319,0.000531323929831927
"2310",20150320,0.00038015283857245
"2311",20150323,0.000378195962997829
"2312",20150324,0.000427256859275181
"2313",20150325,0.000514950849138277
"2314",20150326,0.00049702926969689
"2315",20150327,0.000464122703795021
"2316",20150330,0.000307515481069082
"2317",20150331,0.000337415036309229
"2318",20150401,0.000486874709443725
"2319",20150402,0.000322396842149547
"2320",20150406,0.000400836455966967
"2321",20150407,0.000313098838198041
"2322",20150408,0.000471268438181414
"2323",20150409,0.000377855622559311
"2324",20150410,0.000410522867530353
"2325",20150413,0.000337675083792006
"2326",20150414,0.000404482970506293
"2327",20150415,0.000398829313938643
"2328",20150416,0.000408918026254503
"2329",20150417,0.000528129028372364
"2330",20150420,0.000493113843234975
"2331",20150421,0.000465466695125173
"2332",20150422,0.000436501514988032
"2333",20150423,0.000402349445648923
"2334",20150424,0.000366462853118384
"2335",20150427,0.000436051310091313
"2336",20150428,0.000462602298407121
"2337",20150429,0.00068052997339119
"2338",20150430,0.000568157033521793
"2339",20150501,0.00040371938393067
"2340",20150504,0.000367283618647702
"2341",20150505,0.000577835461911602
"2342",20150506,0.000449895940766589
"2343",20150507,0.000420501607661545
"2344",20150508,0.000347723307151629
"2345",20150511,0.000409282760853644
"2346",20150512,0.000511638476077126
"2347",20150513,0.000415795542554182
"2348",20150514,0.000264381087910852
"2349",20150515,0.000265582974948563
"2350",20150518,0.000313374039485048
"2351",20150519,0.000305236702718529
"2352",20150520,0.000382612792248697
"2353",20150521,0.000325482312196782
"2354",20150522,0.000361284015835991
"2355",20150526,0.000437401064687812
"2356",20150527,0.000321998925751025
"2357",20150528,0.000314750802673655
"2358",20150529,0.000416212184278312
"2359",20150601,0.000344262277359155
"2360",20150602,0.000330656031467061
"2361",20150603,0.00038011041829295
"2362",20150604,0.00047215711078442
"2363",20150605,0.00042450186455449
"2364",20150608,0.000420238148831409
"2365",20150609,0.00037109727635534
"2366",20150610,0.000419354555133285
"2367",20150611,0.000312676988955048
"2368",20150612,0.000408181348476079
"2369",20150615,0.000413623918992833
"2370",20150616,0.000288666993129073
"2371",20150617,0.000506747227242662
"2372",20150618,0.000377005603550973
"2373",20150619,0.000320272002791462
"2374",20150622,0.000298748233429338
"2375",20150623,0.000305619300610886
"2376",20150624,0.000344075848539723
"2377",20150625,0.000386357442009672
"2378",20150626,0.000389008984252738
"2379",20150629,0.000439932407865329
"2380",20150630,0.000531810034494456
"2381",20150701,0.000370800755365588
"2382",20150702,0.000378121465054548
"2383",20150706,0.000445443544696865
"2384",20150707,0.000636714490909662
"2385",20150708,0.000457640195755729
"2386",20150709,0.000450797705685895
"2387",20150710,0.000377479889873629
"2388",20150713,0.000298222422889671
"2389",20150714,0.000323799091723586
"2390",20150715,0.00028775429054165
"2391",20150716,0.000315848473203264
"2392",20150717,0.000287602022598311
"2393",20150720,0.000450257426517143
"2394",20150721,0.000404241850116041
"2395",20150722,0.000306374140575494
"2396",20150723,0.000402874616626098
"2397",20150724,0.000407935187223706
"2398",20150727,0.00045839211786682
"2399",20150728,0.000354873226232462
"2400",20150729,0.000558260488702189
"2401",20150730,0.000394664357929611
"2402",20150731,0.00032658786802354
"2403",20150803,0.000396571039917589
"2404",20150804,0.000368323466406019
"2405",20150805,0.000360654308059018
"2406",20150806,0.000401168542381679
"2407",20150807,0.000398396066484862
"2408",20150810,0.000310058396848812
"2409",20150811,0.000501109005305825
"2410",20150812,0.000523940842756217
"2411",20150813,0.000414302187938465
"2412",20150814,0.000367485744324119
"2413",20150817,0.000348189679831086
"2414",20150818,0.000377333311680476
"2415",20150819,0.000592644475513559
"2416",20150820,0.000532154175056545
"2417",20150821,0.000950606546763927
"2418",20150824,0.00122410109831366
"2419",20150825,0.000832080508704511
"2420",20150826,0.00126862589029251
"2421",20150827,0.000803912628146572
"2422",20150828,0.00064564269206284
"2423",20150831,0.000678473694904693
"2424",20150901,0.000752906207785216
"2425",20150902,0.000759077104767691
"2426",20150903,0.000700706100750423
"2427",20150904,0.000572154873633037
"2428",20150908,0.000467936913422986
"2429",20150909,0.000609762673670807
"2430",20150910,0.000744037298814737
"2431",20150911,0.000517263939586668
"2432",20150914,0.000459670426540657
"2433",20150915,0.000518591594766079
"2434",20150916,0.000545943946896067
"2435",20150917,0.000816226692503041
"2436",20150918,0.000690996050524851
"2437",20150921,0.000595999606266417
"2438",20150922,0.000587820693604712
"2439",20150923,0.000571851394759124
"2440",20150924,0.000687586091852787
"2441",20150925,0.00057833018008289
"2442",20150928,0.000633040869286599
"2443",20150929,0.000733117655805963
"2444",20150930,0.000592914271717645
"2445",20151001,0.000693636562697521
"2446",20151002,0.000788288406543262
"2447",20151005,0.000531225782397363
"2448",20151006,0.000570082270978031
"2449",20151007,0.000714875116526136
"2450",20151008,0.00064384890697258
"2451",20151009,0.000521974123398601
"2452",20151012,0.000421153234627125
"2453",20151013,0.000513269329384043
"2454",20151014,0.000584890615792476
"2455",20151015,0.000569042769705404
"2456",20151016,0.000591955022845496
"2457",20151019,0.000722242413305783
"2458",20151020,0.000646930709514626
