Date,Open,High,Low,Close,Volume,Adj Close
9/1/2015,193.119995,194.770004,190.729996,191.919998,256000400,190.927248
8/31/2015,198.110001,199.130005,197.009995,197.539993,163298800,196.518172
8/28/2015,198.5,199.839996,197.919998,199.240005,160414400,198.209391
8/27/2015,197.020004,199.419998,195.210007,199.160004,274143900,198.129803
8/26/2015,192.080002,194.789993,188.369995,194.679993,339257000,193.672966
8/25/2015,195.429993,195.449997,186.919998,187.229996,369833100,186.261506
8/24/2015,197.630005,197.630005,182.399994,189.550003,507244300,188.569512
8/21/2015,201.729996,203.940002,197.520004,197.630005,346588500,196.607718
8/20/2015,206.509995,208.289993,203.899994,204.009995,194327900,202.954706
8/19/2015,209.089996,210.009995,207.350006,208.279999,167316300,207.202623
8/18/2015,210.259995,210.679993,209.699997,209.929993,71692700,208.844082
8/17/2015,208.710007,210.589996,208.160004,210.559998,79072600,209.470828
8/14/2015,208.429993,209.509995,208.259995,209.360001,72786500,208.277038
8/13/2015,208.729996,209.550003,208.009995,208.699997,89383300,207.620448
8/12/2015,207.110001,209.139999,205.360001,208.830002,168996000,207.749781
8/11/2015,208.970001,209.470001,207.759995,208.660004,126081400,207.580662
8/10/2015,209.279999,210.669998,209.279999,210.630005,80270700,209.540473
8/7/2015,208.160004,208.339996,206.869995,207.919998,117858000,206.844484
8/6/2015,210.289993,210.419998,207.649994,208.350006,116030800,207.272268
8/5/2015,210.449997,211.309998,209.729996,210.100006,85786800,209.013216
8/4/2015,209.699997,210.25,208.800003,209.320007,81820800,208.237252
8/3/2015,210.460007,210.529999,208.649994,209.729996,113965700,208.645119
7/31/2015,211.419998,211.449997,210.160004,210.449997,103266900,209.361396
7/30/2015,210.160004,211.020004,209.419998,210.820007,91304400,209.729492
7/29/2015,209.479996,211.039993,209.309998,210.770004,105791300,209.679748
7/28/2015,207.789993,209.5,206.800003,209.309998,123544800,208.227294
7/27/2015,208,208,206.259995,206.740005,132361100,205.670595
7/24/2015,210.300003,210.369995,207.600006,207.940002,117755000,206.864385
7/23/2015,211.529999,211.649994,209.75,210.139999,90509100,209.053002
7/22/2015,210.929993,211.770004,210.889999,211.289993,88667900,210.197047
7/21/2015,212.429993,212.740005,211.389999,211.759995,77965000,210.664617
7/20/2015,212.75,213.179993,212.210007,212.619995,70446800,211.520169
7/17/2015,212.289993,212.550003,211.800003,212.470001,89030000,211.370951
7/16/2015,211.869995,212.300003,211.580002,212.270004,106683300,211.171989
7/15/2015,210.729996,211.279999,210.039993,210.630005,97914100,209.540473
7/14/2015,209.720001,211.050003,209.649994,210.720001,81709600,209.630004
7/13/2015,208.990005,209.899994,208.940002,209.759995,106069400,208.674963
7/10/2015,207.289993,207.979996,204.949997,207.479996,129456900,206.406758
7/9/2015,207.039993,207.350006,204.770004,204.800003,139210600,203.740628
7/8/2015,206.419998,206.759995,204.25,204.529999,164020100,203.47202
7/7/2015,206.960007,208.169998,204.110001,208.009995,173820200,206.934015
7/6/2015,205.770004,207.649994,205.529999,206.669998,117975400,205.60095
7/2/2015,208.070007,208.270004,206.809998,207.320007,104373700,206.247597
7/1/2015,207.729996,208.029999,206.559998,207.570007,135979900,206.496304
6/30/2015,207.259995,207.320007,205.279999,205.889999,182925100,204.824986
6/29/2015,208.050003,209.830002,205.330002,205.470001,202621300,204.40716
6/26/2015,210.289993,210.580002,209.160004,209.899994,104174800,208.814238
6/25/2015,211.100006,211.25,209.770004,209.830002,97107400,208.744608
6/24/2015,211.720001,212.169998,210.470001,210.509995,92307300,209.421083
6/23/2015,212.139999,212.440002,211.570007,212.050003,68476800,210.953126
6/22/2015,211.910004,212.589996,211.639999,211.889999,70696000,210.79395
6/19/2015,211.460007,211.550003,210.360001,210.809998,130478700,209.719534
6/18/2015,211.309998,213.339996,210.630005,212.710007,165867900,210.585039
6/17/2015,210.589996,211.320007,209.360001,210.589996,126708600,208.486207
6/16/2015,208.929993,210.350006,208.720001,210.25,85308200,208.149607
6/15/2015,208.639999,209.449997,207.789993,209.100006,124384200,207.011102
6/12/2015,210.639999,211.479996,209.679993,209.929993,135382400,207.832797
6/11/2015,211.479996,212.089996,211.199997,211.649994,73876400,209.535615
6/10/2015,209.369995,211.410004,209.300003,210.960007,134551300,208.852521
6/9/2015,208.449997,209.100006,207.690002,208.449997,105034700,206.367586
6/8/2015,209.639999,209.820007,208.389999,208.419998,89063300,206.337887
6/5/2015,209.949997,210.580002,208.979996,209.770004,121704700,207.674407
6/4/2015,211.070007,211.860001,209.75,210.130005,151882800,208.030811
6/3/2015,212,212.669998,211.330002,211.919998,86954600,209.802922
6/2/2015,211.020004,212.190002,210.270004,211.360001,91531000,209.248519
6/1/2015,211.940002,212.339996,210.619995,211.570007,93338800,209.456428
5/29/2015,212.380005,212.429993,210.820007,211.139999,124919600,209.030716
5/28/2015,212.330002,212.589996,211.630005,212.460007,74974600,210.337536
5/27/2015,211.25,212.979996,210.759995,212.699997,93214000,210.575129
5/26/2015,212.399994,212.910004,210.199997,210.699997,124308600,208.595109
5/22/2015,213.039993,213.539993,212.910004,212.990005,57433500,210.86224
5/21/2015,212.710007,213.75,212.509995,213.5,64764600,211.36714
5/20/2015,213.149994,213.779999,212.5,212.880005,76857500,210.753339
5/19/2015,213.240005,213.570007,212.690002,213.029999,72114600,210.901834
5/18/2015,212.240005,213.399994,212.160004,213.100006,74549700,210.971142
5/15/2015,212.440002,212.610001,211.860001,212.440002,76510100,210.317732
5/14/2015,211.240005,212.320007,210.910004,212.210007,95934000,210.090034
5/13/2015,210.470001,211.220001,209.740005,210.020004,94667900,207.921909
5/12/2015,209.610001,210.630005,208.619995,209.979996,119727600,207.8823
5/11/2015,211.570007,211.889999,210.520004,210.610001,75708100,208.506012
5/8/2015,210.880005,211.860001,210.779999,211.619995,155877300,209.505916
5/7/2015,207.919998,209.380005,207.520004,208.869995,88244900,206.783389
5/6/2015,209.559998,209.929993,206.759995,208.039993,135060200,205.961679
5/5/2015,211.029999,211.460007,208.729996,208.899994,113326200,206.813088
5/4/2015,211.229996,212.020004,211.100006,211.320007,70927200,209.208925
5/1/2015,209.399994,210.770004,209.279999,210.720001,103399700,208.614913
4/30/2015,209.880005,210.350006,207.619995,208.460007,161304900,206.377496
4/29/2015,211.440002,211.440002,209.600006,210.570007,125684900,208.466418
4/28/2015,210.740005,211.5,209.330002,211.440002,86863500,209.327722
4/27/2015,212.330002,212.479996,210.539993,210.770004,79358100,208.664417
4/24/2015,211.660004,211.970001,211.110001,211.649994,61327400,209.535615
4/23/2015,210.149994,211.940002,210.009995,211.160004,102585900,209.05052
4/22/2015,210.009995,210.850006,208.899994,210.630005,78264600,208.525816
4/21/2015,209.850006,210.860001,209.240005,209.600006,72559800,207.506107
4/20/2015,209.059998,210.25,208.960007,209.850006,92189500,207.753609
4/17/2015,208.940002,209.229996,207.009995,207.949997,191113200,205.872581
4/16/2015,210.029999,210.979996,209.789993,210.369995,68934900,208.268404
4/15/2015,210.050003,211.039993,209.949997,210.429993,99529300,208.327802
4/14/2015,208.850006,209.710007,208.100006,209.490005,75099900,207.397205
4/13/2015,209.869995,210.630005,209.029999,209.089996,74436600,207.001192
4/10/2015,209.199997,210.089996,208.960007,210.039993,72722900,207.941699
4/9/2015,207.779999,209.179993,207.190002,208.899994,85548900,206.813088
4/8/2015,207.550003,208.509995,207.080002,207.979996,89351900,205.90228
4/7/2015,207.860001,208.759995,207.240005,207.279999,81236300,205.209276
4/6/2015,206.440002,208.449997,205.210007,207.830002,114368200,205.753785
4/2/2015,205.619995,206.979996,205.399994,206.440002,86900900,204.377672
4/1/2015,206.429993,206.429993,204.509995,205.699997,137303600,203.645059
3/31/2015,207.259995,208.100006,206.360001,206.429993,126768700,204.367762
3/30/2015,206.979996,208.610001,206.960007,208.25,96180400,206.169587
3/27/2015,205.130005,205.949997,204.899994,205.740005,118939000,203.684668
3/26/2015,204.960007,206.369995,204.119995,205.270004,153067200,203.219362
3/25/2015,209.070007,209.350006,205.710007,205.759995,159521700,203.704457
3/24/2015,209.850006,210.399994,208.740005,208.820007,77805300,206.7339
3/23/2015,210.419998,211.110001,210,210,71784500,207.902105
3/20/2015,209.710007,211.020004,209.490005,210.410004,177715100,208.308013
3/19/2015,209.960007,210.470001,209.029999,209.5,117917300,206.485397
3/18/2015,207.389999,211.270004,206.619995,210.460007,228808500,207.431589
3/17/2015,207.690002,208.419998,206.979996,207.960007,94510400,204.967563
3/16/2015,206.710007,208.690002,205.860001,208.580002,136099200,205.578637
3/13/2015,206.770004,207.929993,204.580002,205.830002,162410900,202.868208
3/12/2015,205.259995,207.179993,205.199997,207.100006,93993500,204.119937
3/11/2015,205.289993,205.5,204.399994,204.5,110145700,201.557344
3/10/2015,206.710007,206.809998,204.929993,204.979996,157121300,202.030433
3/9/2015,207.740005,208.789993,207.550003,208.360001,89818900,205.361801
3/6/2015,209.419998,209.940002,207.100006,207.5,188128000,204.514176
3/5/2015,210.619995,210.800003,209.850006,210.460007,76873000,207.431589
3/4/2015,210.399994,210.490005,209.059998,210.229996,114497200,207.204888
3/3/2015,211.470001,212.050003,210.080002,211.119995,110325800,208.082081
3/2/2015,210.779999,212.059998,210.720001,211.990005,87491400,208.939572
2/27/2015,211.259995,211.580002,210.600006,210.660004,108076000,207.628708
2/26/2015,211.520004,211.710007,210.649994,211.380005,72697900,208.338349
2/25/2015,211.660004,212.240005,211.220001,211.630005,73061700,208.584752
2/24/2015,211.119995,212.050003,210.759995,211.809998,72472300,208.762154
2/23/2015,210.940002,211.210007,210.479996,211.210007,74411100,208.170797
2/20/2015,209.479996,211.330002,208.729996,211.240005,140896400,208.200364
2/19/2015,209.410004,210.419998,209.240005,209.979996,91462500,206.958485
2/18/2015,209.660004,210.220001,209.339996,210.130005,80652900,207.106336
2/17/2015,209.399994,210.320007,209.100006,210.110001,76968200,207.08662
2/13/2015,209.070007,209.839996,208.759995,209.779999,93670400,206.761366
2/12/2015,207.889999,208.990005,206.970001,208.919998,97545900,205.913741
2/11/2015,206.610001,207.449997,205.830002,206.929993,91087800,203.95237
2/10/2015,205.880005,207.119995,204.679993,206.809998,96164200,203.834102
2/9/2015,204.770004,205.639999,204.139999,204.630005,87219000,201.685478
2/6/2015,206.559998,207.240005,204.919998,205.550003,125672000,202.592238
2/5/2015,204.860001,206.300003,204.770004,206.119995,97953200,203.154028
2/4/2015,203.919998,205.380005,203.509995,204.059998,134306700,201.123673
2/3/2015,203,204.850006,202.550003,204.839996,124212900,201.892448
2/2/2015,200.050003,202.029999,197.860001,201.919998,163107000,199.014467
1/30/2015,200.570007,202.169998,199.130005,199.449997,197729700,196.580008
1/29/2015,200.380005,202.300003,198.679993,201.990005,173585400,199.083467
1/28/2015,204.169998,204.289993,199.910004,200.139999,168514300,197.260082
1/27/2015,202.970001,204.119995,201.740005,202.740005,134044600,199.822675
1/26/2015,204.710007,205.559998,203.850006,205.449997,92009700,202.493671
1/23/2015,205.789993,206.100006,204.809998,204.970001,117516800,202.020582
1/22/2015,203.990005,206.259995,202.330002,206.100006,174356000,203.134327
1/21/2015,201.5,203.660004,200.940002,203.080002,122942700,200.157779
1/20/2015,202.399994,202.720001,200.169998,202.059998,130991100,199.152452
1/16/2015,198.770004,201.820007,198.550003,201.630005,211879600,198.728647
1/15/2015,201.630005,202.009995,198.880005,199.020004,176613900,196.156203
1/14/2015,199.649994,201.100006,198.570007,200.860001,190552900,197.969723
1/13/2015,204.119995,205.479996,200.509995,202.080002,214553300,199.172169
1/12/2015,204.410004,204.600006,201.919998,202.649994,144396100,199.733959
1/9/2015,206.399994,206.419998,203.509995,204.25,158567300,201.310942
1/8/2015,204.009995,206.160004,203.990005,205.899994,147217800,202.937193
1/7/2015,201.419998,202.720001,200.880005,202.309998,125346700,199.398855
1/6/2015,202.089996,202.720001,198.860001,199.820007,209151400,196.944694
1/5/2015,204.169998,204.369995,201.350006,201.720001,169632600,198.817348
1/2/2015,206.380005,206.880005,204.179993,205.429993,121465900,202.473955
12/31/2014,207.990005,208.190002,205.389999,205.539993,130333800,202.582372
12/30/2014,208.210007,208.369995,207.509995,207.600006,73540800,204.612743
12/29/2014,208.220001,208.970001,208.139999,208.720001,79643900,205.716622
12/26/2014,208.309998,208.850006,208.25,208.440002,57326700,205.440652
12/24/2014,208.020004,208.339996,207.720001,207.770004,42963400,204.780295
12/23/2014,208.169998,208.229996,207.399994,207.75,122167900,204.760578
12/22/2014,206.75,207.470001,206.460007,207.470001,148318900,204.484609
12/19/2014,206.429993,207.330002,205.610001,206.520004,245084600,203.548282
12/18/2014,204.740005,212.970001,203.919998,206.779999,247780600,202.685864
12/17/2014,198.440002,202.339996,198.289993,201.789993,253754500,197.794658
12/16/2014,199.509995,202.399994,197.860001,197.910004,259543800,193.99149
12/15/2014,201.979996,202.529999,198.779999,199.509995,189965800,195.559802
12/12/2014,202.639999,203.820007,200.850006,200.889999,202330200,196.912484
12/11/2014,203.880005,206.190002,203.710007,204.190002,159012800,200.147148
12/10/2014,205.910004,205.979996,202.929993,203.160004,154761600,199.137543
12/9/2014,204.369995,206.600006,203.910004,206.470001,125180100,202.382004
12/8/2014,207.520004,208.119995,205.929993,206.610001,108588200,202.519232
12/5/2014,207.869995,208.470001,207.550003,208,91025500,203.88171
12/4/2014,207.539993,208.270004,206.699997,207.660004,89928200,203.548445
12/3/2014,207.300003,208.149994,207.100006,207.889999,69450000,203.773887
12/2/2014,205.809998,207.339996,205.779999,207.089996,74507200,202.989724
12/1/2014,206.399994,206.539993,205.380005,205.759995,103968400,201.686055
11/28/2014,207.490005,207.869995,206.910004,207.199997,57890100,203.097547
11/26/2014,207.289993,207.759995,207.029999,207.639999,61928400,203.528837
11/25/2014,207.539993,207.789993,206.800003,207.110001,79108000,203.009332
11/24/2014,207.169998,207.389999,206.910004,207.259995,65881000,203.156356
11/21/2014,207.639999,207.839996,205.979996,206.679993,142327000,202.587838
11/20/2014,204.259995,205.710007,204.179993,205.580002,72840000,201.509627
11/19/2014,205.309998,205.550003,204.300003,205.220001,82373000,201.156754
11/18/2014,204.440002,205.919998,204.440002,205.550003,76068000,201.480222
11/17/2014,203.850006,204.580002,203.649994,204.369995,80441000,200.323577
11/14/2014,204.100006,204.490005,203.720001,204.240005,80418000,200.196161
11/13/2014,204.160004,204.830002,203.210007,204.190002,85358000,200.147148
11/12/2014,203.350006,204.240005,203.309998,203.960007,90120000,199.921706
11/11/2014,204.059998,204.309998,203.649994,204.179993,54499000,200.137337
11/10/2014,203.380005,204.039993,203.130005,203.979996,66319000,199.9413
11/7/2014,203.169998,203.600006,202.610001,203.339996,89540000,199.313972
11/6/2014,202.389999,203.259995,201.639999,203.149994,107089000,199.127732
11/5/2014,202.539993,202.589996,201.449997,202.339996,91709000,198.333771
11/4/2014,201.229996,201.600006,200.059998,201.070007,93343000,197.088928
11/3/2014,201.919998,202.449997,201.309998,201.770004,93600000,197.775065
10/31/2014,201.779999,201.820007,200.770004,201.660004,146903000,197.667242
10/30/2014,197.580002,199.949997,197.399994,199.380005,113330000,195.432386
10/29/2014,198.550003,199.119995,196.800003,198.110001,142557000,194.187527
10/28/2014,196.820007,198.419998,196.729996,198.410004,106736000,194.481591
10/27/2014,195.729996,196.449997,195.029999,196.160004,82954000,192.276139
10/24/2014,195.25,196.490005,194.490005,196.429993,117927000,192.540783
10/23/2014,194.619995,196.199997,194.259995,194.929993,154944000,191.070482
10/22/2014,194.410004,194.910004,192.610001,192.690002,151822000,188.874842
10/21/2014,191.679993,194.199997,191.479996,194.070007,154949000,190.227524
10/20/2014,188.130005,190.449997,188.070007,190.300003,130011000,186.532164
10/17/2014,188.419998,189.75,187.619995,188.470001,214625000,184.738395
10/16/2014,183.059998,187.580002,182.889999,186.270004,270391000,182.581957
10/15/2014,185.160004,187.690002,181.919998,186.429993,380715000,182.738777
10/14/2014,188.419998,189.820007,187.039993,187.699997,215847000,183.983636
10/13/2014,190.460007,191.149994,187.300003,187.410004,230939000,183.699385
10/10/2014,192.690002,193.649994,190.490005,190.539993,221909000,186.767402
10/9/2014,196.330002,196.600006,192.580002,192.740005,210705000,188.923855
10/8/2014,193.369995,196.919998,192.360001,196.639999,186461000,192.746631
10/7/2014,195.279999,195.720001,193.220001,193.259995,147913000,189.433549
10/6/2014,197.339996,197.600006,195.580002,196.289993,104778000,192.403555
10/3/2014,195.679993,196.940002,195.080002,196.520004,121569000,192.629012
10/2/2014,194.179993,195.059998,192.350006,194.380005,157285000,190.531384
10/1/2014,196.699997,196.770004,193.910004,194.350006,177798000,190.501979
9/30/2014,197.690002,198.300003,196.610001,197.020004,131302000,193.119112
9/29/2014,196.199997,197.889999,196.050003,197.539993,95112000,193.628806
9/26/2014,196.699997,198.389999,196.419998,197.899994,103547000,193.981679
9/25/2014,199.039993,199.050003,196.270004,196.339996,150300000,192.452568
9/24/2014,198.039993,199.690002,197.520004,199.559998,107276000,195.608815
9/23/2014,198.429993,199.259995,197.949997,198.009995,111393000,194.089501
9/22/2014,200.350006,200.380005,198.729996,199.149994,125553000,195.206929
9/19/2014,201.520004,201.899994,200.289993,200.699997,121649000,196.726243
9/18/2014,201.360001,201.850006,201.100006,201.820007,94990000,196.903672
9/17/2014,200.770004,201.679993,199.75,200.75,151266000,195.85973
9/16/2014,198.610001,200.839996,198.5,200.479996,116201000,195.596303
9/15/2014,199.160004,199.320007,198.380005,198.979996,76401000,194.132843
9/12/2014,200.100006,200.119995,198.559998,199.130005,117409300,194.279198
9/11/2014,199.270004,200.330002,199.119995,200.300003,66774400,195.420695
9/10/2014,199.429993,200.199997,198.770004,200.070007,67251000,195.196302
9/9/2014,200.410004,200.550003,198.910004,199.320007,88591000,194.464572
9/8/2014,200.919998,201.210007,200,200.589996,64146000,195.703624
9/5/2014,200.169998,201.190002,199.410004,201.110001,102177000,196.210961
9/4/2014,200.839996,201.580002,199.660004,200.210007,85236000,195.332891
9/3/2014,201.380005,201.410004,200.220001,200.5,57462000,195.61582
9/2/2014,200.970001,201,199.860001,200.610001,72426000,195.723141
8/29/2014,200.449997,200.729996,199.820007,200.710007,65907000,195.820711
8/28/2014,199.589996,200.270004,199.389999,200.139999,58330000,195.264589
8/27/2014,200.429993,200.570007,199.940002,200.25,47874000,195.37191
8/26/2014,200.330002,200.820007,200.279999,200.330002,47298000,195.449963
8/25/2014,200.139999,200.589996,199.149994,200.199997,63855000,195.323125
8/22/2014,199.339996,199.690002,198.740005,199.190002,76107000,194.337734
8/21/2014,199.089996,199.759995,198.929993,199.5,67791000,194.64018
8/20/2014,198.119995,199.160004,198.080002,198.919998,72763000,194.074307
8/19/2014,197.839996,198.539993,197.440002,198.389999,59135000,193.557219
8/18/2014,196.800003,197.449997,196.690002,197.360001,75424000,192.552311
8/15/2014,196.470001,196.649994,194.309998,195.720001,139951000,190.952262
8/14/2014,195.160004,195.759995,194.979996,195.759995,57371000,190.991281
8/13/2014,194.289993,195.059998,193.960007,194.839996,69047000,190.093694
8/12/2014,193.610001,194.149994,192.940002,193.529999,73632000,188.815608
8/11/2014,193.970001,194.660004,193.710007,193.800003,74544000,189.079035
8/8/2014,191.460007,193.369995,190.949997,193.240005,117014000,188.532679
8/7/2014,192.940002,193.130005,190.550003,191.029999,135733000,186.376508
8/6/2014,191.110001,192.889999,191.080002,192.070007,94818000,187.391182
8/5/2014,193.100006,193.600006,191.309998,192.009995,152690000,187.332631
8/4/2014,192.869995,194.300003,192.050003,193.889999,91340000,189.166839
8/1/2014,192.559998,193.759995,191.570007,192.5,189261000,187.8107
7/31/2014,195.610001,195.779999,192.970001,193.089996,183479000,188.386324
7/30/2014,197.649994,197.910004,196.160004,196.979996,104222000,192.181563
7/29/2014,198.169998,198.449997,196.919998,196.949997,80466000,192.152295
7/28/2014,197.759995,198.089996,196.619995,197.800003,69259000,192.981595
7/25/2014,198.089996,198.259995,197.330002,197.720001,76837000,192.903542
7/24/2014,198.830002,199.059998,198.449997,198.649994,56888000,193.81088
7/23/2014,198.5,198.850006,198.100006,198.639999,65612000,193.801129
7/22/2014,198.009995,198.559998,197.869995,198.199997,67678000,193.371845
7/21/2014,197.089996,197.5,196.429993,197.339996,67592000,192.532794
7/18/2014,196.350006,197.910004,196.240005,197.710007,124330000,192.893791
7/17/2014,197.350006,198.100006,195.429993,195.710007,145398000,190.942511
7/16/2014,198.110001,198.259995,197.419998,197.960007,79986400,193.137701
7/15/2014,197.720001,198.100006,196.360001,197.229996,111307000,192.425473
7/14/2014,197.610001,197.860001,197.440002,197.600006,58658000,192.78647
7/11/2014,196.220001,196.75,195.779999,196.610001,64243000,191.820581
7/10/2014,195.220001,196.860001,195.059998,196.339996,99040000,191.557154
7/9/2014,196.729996,197.300003,196.309998,197.119995,72992000,192.318152
7/8/2014,197.149994,197.220001,195.759995,196.240005,108143000,191.459599
7/7/2014,197.820007,197.979996,197.220001,197.509995,61696000,192.698651
7/3/2014,197.789993,198.289993,197.639999,198.199997,52938800,193.371845
7/2/2014,197.050003,197.479996,196.960007,197.229996,52475000,192.425473
7/1/2014,196.199997,197.630005,196.130005,197.029999,90470000,192.230348
6/30/2014,195.699997,196.169998,195.529999,195.720001,70201200,190.952262
6/27/2014,194.979996,195.880005,194.889999,195.820007,71445100,191.049832
6/26/2014,195.610001,195.630005,194.130005,195.440002,84312000,190.679084
6/25/2014,194.289993,195.779999,194.25,195.580002,82782000,190.815673
6/24/2014,195.529999,196.5,194.479996,194.699997,96237000,189.957105
6/23/2014,195.990005,196.050003,195.520004,195.880005,70611000,191.108368
6/20/2014,196.029999,196.100006,195.699997,195.940002,100587000,191.166904
6/19/2014,196.429993,196.600006,195.800003,196.479996,85929000,190.779573
6/18/2014,194.830002,196.369995,194.399994,196.259995,105267000,190.565954
6/17/2014,194.020004,194.970001,193.809998,194.830002,84834000,189.17745
6/16/2014,193.889999,194.699997,193.660004,194.289993,87424000,188.653108
6/13/2014,193.919998,194.320007,193.300003,194.130005,82017000,188.497762
6/12/2014,194.690002,194.800003,193.110001,193.539993,106350000,187.924868
6/11/2014,194.899994,195.119995,194.479996,194.919998,68772000,189.264835
6/10/2014,195.339996,195.639999,194.919998,195.600006,57129000,189.925114
6/9/2014,195.350006,196.050003,195.169998,195.580002,65119000,189.90569
6/6/2014,194.869995,195.429993,194.779999,195.380005,78696000,189.711496
6/5/2014,193.410004,194.649994,192.699997,194.449997,92103000,188.80847
6/4/2014,192.470001,193.300003,192.270004,193.190002,55529000,187.585031
6/3/2014,192.429993,192.899994,192.25,192.800003,65047000,187.206347
6/2/2014,192.949997,192.990005,191.970001,192.899994,64656000,187.303437
5/30/2014,192.190002,192.800003,192.029999,192.679993,76316000,187.089818
5/29/2014,191.820007,192.399994,191.330002,192.369995,64377000,186.788815
5/28/2014,191.520004,191.820007,191.059998,191.380005,66723000,185.827547
5/27/2014,191.059998,191.580002,190.949997,191.520004,72010000,185.963484
5/23/2014,189.759995,190.479996,189.589996,190.350006,61092800,184.827431
5/22/2014,189.179993,189.979996,188.860001,189.589996,61549000,184.089471
5/21/2014,188.089996,189.220001,188.059998,189.130005,89093000,183.642825
5/20/2014,188.649994,188.669998,187.070007,187.550003,111644000,182.108664
5/19/2014,187.690002,188.889999,187.520004,188.740005,63839000,183.264141
5/16/2014,187.509995,188.130005,186.720001,188.050003,97458000,182.594157
5/15/2014,188.679993,188.720001,186.479996,187.399994,154956000,181.963007
5/14/2014,189.789993,189.880005,188.789993,189.059998,72367000,183.574849
5/13/2014,190.039993,190.419998,189.770004,189.960007,66454000,184.448746
5/12/2014,188.800003,189.880005,188,189.789993,86940000,184.283666
5/9/2014,187.710007,188.039993,186.830002,187.960007,83679000,182.506772
5/8/2014,187.710007,189.050003,187.080002,187.679993,93618000,182.234882
5/7/2014,187.410004,187.970001,186.009995,187.880005,106500000,182.429091
5/6/2014,188,188.130005,186.740005,186.779999,85454000,181.360999
5/5/2014,187.139999,188.550003,186.619995,188.419998,75883000,182.953418
5/2/2014,188.309998,189.139999,187.779999,188.059998,98122000,182.603862
5/1/2014,188.220001,188.839996,187.729996,188.330002,93019000,182.866033
4/30/2014,187.440002,188.5,187.179993,188.309998,101508000,182.846609
4/29/2014,187.479996,188.039993,187.080002,187.75,84098000,182.302858
4/28/2014,187.050003,187.690002,184.960007,186.880005,135121000,181.458104
4/25/2014,187.220001,187.330002,185.869995,186.289993,100380000,180.88521
4/24/2014,188.369995,188.389999,186.929993,187.830002,88170000,182.380539
4/23/2014,187.820007,187.919998,187.300003,187.449997,73869000,182.011559
4/22/2014,187.229996,188.399994,187.130005,187.889999,85790000,182.438796
4/21/2014,186.440002,187.100006,186.210007,187.039993,68329000,181.613451
4/17/2014,185.880005,186.910004,185.559998,186.389999,105255000,180.982315
4/16/2014,185.470001,186.139999,184.649994,186.130005,105197000,180.729864
4/15/2014,183.320007,184.330002,181.509995,184.199997,157093000,178.85585
4/14/2014,182.929993,183.369995,181.440002,182.940002,132382000,177.632412
4/11/2014,182.139999,183.419998,181.309998,181.509995,167251000,176.243892
4/10/2014,187.080002,187.169998,182.929993,183.160004,172959000,177.84603
4/9/2014,185.600006,187.149994,185.059998,187.089996,100254000,181.662003
4/8/2014,184.259995,185.399994,183.589996,185.100006,112660000,179.729748
4/7/2014,185.949997,186.259995,183.960007,184.339996,140803000,178.991788
4/4/2014,189.660004,189.699997,186.100006,186.399994,169381000,180.992019
4/3/2014,189.169998,189.220001,188.050003,188.630005,77435000,183.157332
4/2/2014,188.490005,189.130005,188.139999,188.880005,78774000,183.400078
4/1/2014,187.619995,188.360001,187,188.25,89193000,182.788352
3/31/2014,186.669998,187.300003,185.520004,187.009995,99745000,181.584322
3/28/2014,185.110001,186.419998,185,185.490005,101642000,180.108432
3/27/2014,184.75,185.339996,183.899994,184.580002,142383000,179.22483
3/26/2014,187.039993,187.339996,184.919998,184.970001,119843000,179.603515
3/25/2014,186.369995,186.940002,185.270004,186.309998,103852000,180.904634
3/24/2014,186.839996,187.070007,184.619995,185.429993,121411000,180.050161
3/21/2014,187.710007,189.020004,186.029999,186.199997,163128000,180.797825
3/20/2014,186.25,187.889999,185.919998,187.75,117241000,181.501789
3/19/2014,187.679993,187.940002,185.470001,186.660004,176267300,180.448067
3/18/2014,186.710007,187.910004,186.509995,187.660004,101804600,181.414788
3/17/2014,185.589996,186.770004,185.509995,186.330002,98359500,180.129048
3/14/2014,184.850006,185.800003,184.440002,184.660004,153919600,178.514626
3/13/2014,187.839996,187.990005,184.660004,185.179993,155014300,179.01731
3/12/2014,186.320007,187.350006,185.899994,187.279999,104824400,181.047429
3/11/2014,188.440002,188.710007,186.800003,187.229996,99009100,180.99909
3/10/2014,187.970001,188.229996,187.080002,188.160004,74939200,181.898148
3/7/2014,188.960007,188.960007,187.429993,188.259995,114513500,181.994811
3/6/2014,188.210007,188.610001,187.779999,188.179993,82516500,181.917472
3/5/2014,187.740005,188.070007,187.449997,187.75,88376900,181.501789
3/4/2014,186.789993,187.979996,186.75,187.580002,167545900,181.337448
3/3/2014,184.649994,185.449997,183.75,184.979996,167748500,178.823969
2/28/2014,185.789993,187.149994,185.050003,186.289993,150842000,180.090371
2/27/2014,184.580002,185.869995,184.369995,185.820007,93880800,179.636025
2/26/2014,185.110001,185.600006,184.330002,184.850006,98677200,178.698305
2/25/2014,185.059998,185.589996,184.229996,184.839996,117085000,178.688629
2/24/2014,184.279999,186.149994,184.199997,184.910004,114063900,178.756306
2/21/2014,184.449997,184.889999,183.800003,183.889999,118116400,177.770247
2/20/2014,183.270004,184.520004,182.600006,184.100006,104998100,177.973265
2/19/2014,183.759995,184.949997,182.869995,183.020004,126524300,176.929205
2/18/2014,184.179993,184.490005,183.649994,184.240005,80460900,178.108605
2/14/2014,182.839996,184.360001,182.669998,184.020004,96498400,177.895925
2/13/2014,180.839996,183.199997,180.830002,183.009995,100542200,176.919528
2/12/2014,182.25,182.830002,181.710007,182.070007,94717700,176.010823
2/11/2014,180.160004,182.440002,180.039993,181.979996,117814100,175.923807
2/10/2014,179.699997,180.070007,179.210007,180.009995,92218800,174.019366
2/7/2014,178.309998,179.869995,177.729996,179.679993,170787200,173.700347
2/6/2014,175.580002,177.479996,175.220001,177.479996,132877600,171.573565
2/5/2014,174.779999,175.559998,173.710007,175.169998,164230500,169.340442
2/4/2014,174.949997,175.839996,174.110001,175.389999,165012400,169.553122
2/3/2014,177.970001,178.369995,173.830002,174.169998,254837100,168.373722
1/31/2014,177.009995,179.289993,176.919998,178.179993,194677900,172.250266
1/30/2014,178.830002,179.809998,178.259995,179.229996,118938100,173.265326
1/29/2014,177.580002,178.550003,176.880005,177.350006,216597300,171.447901
1/28/2014,178.139999,179.300003,178.119995,179.070007,110463200,173.110662
1/27/2014,179.059998,179.520004,177.119995,178.009995,180843100,172.085925
1/24/2014,181.600006,181.660004,178.830002,178.889999,208677100,172.936644
1/23/2014,183.369995,183.399994,181.820007,182.789993,132496900,176.706849
1/22/2014,184.490005,184.570007,183.910004,184.300003,61270900,178.166606
1/21/2014,184.699997,184.770004,183.050003,184.179993,88621200,178.05059
1/17/2014,184.100006,184.449997,183.320007,183.639999,107848700,177.528567
1/16/2014,184.279999,184.660004,183.830002,184.419998,72290600,178.282608
1/15/2014,184.100006,184.940002,183.710007,184.660004,98525800,178.514626
1/14/2014,182.289993,183.770004,181.949997,183.669998,105016100,177.557567
1/13/2014,183.669998,184.179993,181.339996,181.690002,149892000,175.643465
1/10/2014,183.949997,184.220001,183.009995,184.139999,102026400,178.011927
1/9/2014,184.110001,184.130005,182.800003,183.639999,90683400,177.528567
1/8/2014,183.449997,183.830002,182.889999,183.520004,96582300,177.412565
1/7/2014,183.089996,183.789993,182.949997,183.479996,86144200,177.373888
1/6/2014,183.490005,183.559998,182.080002,182.360001,108028200,176.291166
1/3/2014,183.229996,183.600006,182.630005,182.889999,81390600,176.803526
1/2/2014,183.979996,184.070007,182.479996,182.919998,119636900,176.832527
12/31/2013,184.070007,184.690002,183.929993,184.690002,86119900,178.543626
12/30/2013,183.869995,184.020004,183.580002,183.820007,56857000,177.702584
12/27/2013,184.100006,184.179993,183.660004,183.850006,61814000,177.731585
12/26/2013,183.339996,183.960007,183.320007,183.860001,63365000,177.741247
12/24/2013,182.539993,183.009995,182.529999,182.929993,45368800,176.842189
12/23/2013,182.449997,182.639999,182.070007,182.529999,85598000,176.455506
12/20/2013,180.690002,181.990005,180.570007,181.559998,197087000,175.517786
12/19/2013,181.179993,181.699997,180.710007,181.490005,136531200,174.502736
12/18/2013,178.919998,181.729996,177.320007,181.699997,234906000,174.704643
12/17/2013,179.380005,179.410004,178.25,178.649994,89886000,171.772063
12/16/2013,178.949997,179.809998,178.899994,179.220001,96195000,172.320125
12/13/2013,178.5,178.660004,177.770004,178.110001,107808000,171.252859
12/12/2013,178.639999,178.860001,177.759995,178.130005,115565000,171.272093
12/11/2013,180.820007,180.850006,178.5,178.720001,130591000,171.839375
12/10/2013,180.979996,181.360001,180.639999,180.75,80976000,173.79122
12/9/2013,181.470001,181.669998,181.160004,181.399994,70124000,174.416189
12/6/2013,180.669998,181.110001,180.149994,180.940002,127728000,173.973907
12/5/2013,179.410004,179.740005,178.770004,178.940002,106934000,172.050906
12/4/2013,179.100006,180.479996,178.350006,179.729996,123033000,172.810485
12/3/2013,179.940002,180.389999,179.169998,179.75,116563000,172.829719
12/2/2013,181.089996,181.429993,180.25,180.529999,99726000,173.579689
11/29/2013,181.320007,181.75,180.800003,181,55870900,174.031595
11/27/2013,180.869995,181.240005,180.649994,181.119995,58800000,174.14697
11/26/2013,180.720001,181.220001,180.410004,180.679993,86994000,173.723908
11/25/2013,181.130005,181.169998,180.369995,180.630005,79486000,173.675845
11/22/2013,179.979996,180.830002,179.770004,180.809998,81296000,173.848908
11/21/2013,178.970001,180.050003,178.860001,179.910004,92841000,172.983563
11/20/2013,179.389999,179.929993,177.979996,178.470001,124909000,171.599
11/19/2013,179.330002,179.869995,178.720001,179.029999,93891000,172.137438
11/18/2013,180.350006,180.5,179.020004,179.419998,104796000,172.512423
11/15/2013,179.559998,180.119995,179.330002,180.050003,102818000,173.118173
11/14/2013,178.539993,179.419998,178.25,179.270004,103435000,172.368203
11/13/2013,176.089996,178.429993,176.089996,178.380005,103844000,171.512468
11/12/2013,176.940002,177.360001,176.369995,176.960007,83990000,170.147139
11/11/2013,177.119995,177.529999,176.910004,177.320007,62614000,170.49328
11/8/2013,174.869995,177.309998,174.850006,177.289993,136713000,170.464422
11/7/2013,177.5,177.639999,174.759995,174.929993,157000000,168.19528
11/6/2013,177.029999,177.5,176.539993,177.169998,87348000,170.349046
11/5/2013,176.139999,176.75,175.570007,176.270004,85825000,169.483702
11/4/2013,176.690002,176.899994,175.979996,176.830002,85677000,170.02214
11/1/2013,176.020004,176.610001,175.220001,176.210007,142805000,169.426014
10/31/2013,176.149994,176.889999,175.529999,175.789993,133795000,169.022171
10/30/2013,177.380005,177.509995,175.660004,176.289993,140002000,169.502921
10/29/2013,176.630005,177.240005,176.380005,177.169998,87401000,170.349046
10/28/2013,175.889999,176.470001,175.699997,176.229996,84979000,169.445233
10/25/2013,175.509995,176,175.169998,175.949997,93625000,169.176015
10/24/2013,174.919998,175.369995,174.509995,175.149994,70350000,168.406811
10/23/2013,174.809998,174.889999,173.960007,174.570007,105484000,167.849154
10/22/2013,174.910004,175.929993,174.429993,175.410004,126663000,168.656811
10/21/2013,174.449997,174.75,174.009995,174.399994,104104000,167.685686
10/18/2013,173.860001,174.509995,173.509995,174.389999,138316000,167.676076
10/17/2013,171.369995,173.320007,171.339996,173.220001,129389000,166.551122
10/16/2013,170.720001,172.160004,170.639999,172.070007,161676000,165.445402
10/15/2013,170.509995,171.149994,169.470001,169.699997,155485000,163.166636
10/14/2013,169.210007,171.080002,169.080002,170.940002,112106000,164.358902
10/11/2013,168.910004,170.320007,168.770004,170.259995,105040000,163.705074
10/10/2013,167.289993,169.259995,167.229996,169.169998,195955000,162.657042
10/9/2013,165.800003,166.199997,164.529999,165.600006,168973000,159.224493
10/8/2013,167.399994,167.619995,165.360001,165.479996,178015000,159.109103
10/7/2013,167.419998,168.449997,167.25,167.429993,96295000,160.984026
10/4/2013,167.75,169.059998,167.529999,168.889999,96878000,162.387823
10/3/2013,168.789993,168.940002,166.839996,167.619995,176698000,161.166713
10/2/2013,168.350006,169.339996,167.830002,169.179993,113350000,162.666652
10/1/2013,168.139999,169.5,167.970001,169.339996,127160000,162.820495
9/30/2013,167.479996,168.539993,167.149994,168.009995,143937000,161.541698
9/27/2013,168.839996,169.139999,168.470001,168.910004,99141800,162.407057
9/26/2013,169.320007,170.169998,169.050003,169.690002,77146900,163.157027
9/25/2013,169.639999,169.979996,168.889999,169.039993,117306500,162.532042
9/24/2013,169.899994,170.529999,169.210007,169.529999,106333100,163.003183
9/23/2013,170.490005,170.649994,169.389999,169.929993,104616500,163.387777
9/20/2013,172.330002,172.330002,170.580002,170.720001,132867100,164.147371
9/19/2013,173.520004,173.600006,172.589996,172.759995,146616900,165.303093
9/18/2013,171.009995,173.520004,170.580002,173.050003,203460600,165.580584
9/17/2013,170.460007,171.110001,170.460007,171.070007,82523300,163.686051
9/16/2013,171.160004,171.240005,170.039993,170.309998,106299200,162.958846
9/13/2013,169.130005,169.460007,168.740005,169.330002,72727800,162.02115
9/12/2013,169.339996,169.559998,168.720001,168.949997,83209000,161.657548
9/11/2013,168.639999,169.399994,168.350006,169.399994,94545900,162.088121
9/10/2013,168.639999,168.899994,168.259995,168.869995,105847200,161.580999
9/9/2013,166.449997,167.729996,166.449997,167.630005,87559300,160.394531
9/6/2013,166.509995,166.979996,164.479996,166.039993,159756500,158.873149
9/5/2013,165.850006,166.399994,165.729996,165.960007,63090500,158.796615
9/4/2013,164.429993,166.029999,164.130005,165.75,97389400,158.595673
9/3/2013,165.229996,165.580002,163.699997,164.389999,142375100,157.294375
8/30/2013,164.509995,164.529999,163.169998,163.649994,134928900,156.58631
8/29/2013,163.550003,165.039993,163.399994,164.169998,119200500,157.08387
8/28/2013,163.259995,164.490005,163.050003,163.910004,108113000,156.835097
8/27/2013,164.360001,166,163.210007,163.330002,158619400,156.28013
8/26/2013,166.789993,167.300003,165.889999,166,89702100,158.834882
8/23/2013,166.550003,166.830002,165.770004,166.619995,90888900,159.428116
8/22/2013,164.899994,166.300003,164.889999,166.059998,101471400,158.89229
8/21/2013,165.119995,166.029999,164.190002,164.559998,159530500,157.457035
8/20/2013,165.039993,166.199997,164.860001,165.580002,89294400,158.433013
8/19/2013,165.639999,166.210007,164.759995,164.770004,96437600,157.657977
8/16/2013,166.059998,166.630005,165.5,165.830002,130868200,158.672222
8/15/2013,167.410004,167.429993,166.089996,166.380005,152931800,159.198485
8/14/2013,169.529999,169.800003,168.699997,168.740005,79829200,161.45662
8/13/2013,169.410004,169.899994,168.410004,169.610001,80806000,162.289063
8/12/2013,168.460007,169.309998,168.380005,169.110001,68593300,161.810645
8/9/2013,169.580002,170.100006,168.720001,169.309998,91757700,162.002009
8/8/2013,169.979996,170.179993,168.929993,169.800003,102181300,162.470865
8/7/2013,169.190002,169.429993,168.550003,169.179993,84854700,161.877616
8/6/2013,170.369995,170.740005,169.350006,169.729996,87495000,162.403879
8/5/2013,170.570007,170.960007,170.350006,170.699997,54072700,163.332012
8/2/2013,170.279999,170.970001,170.050003,170.949997,91116700,163.571221
8/1/2013,169.990005,170.809998,169.899994,170.660004,110438400,163.293745
7/31/2013,168.940002,169.850006,168.490005,168.710007,142388700,161.427916
7/30/2013,169.100006,169.279999,168.190002,168.589996,85209600,161.313086
7/29/2013,168.679993,169.059998,168.110001,168.589996,79695000,161.313086
7/26/2013,168.220001,169.160004,167.520004,169.110001,107814600,161.810645
7/25/2013,168.220001,169.080002,167.940002,168.929993,111088600,161.638407
7/24/2013,169.789993,169.860001,168.179993,168.520004,112914000,161.246115
7/23/2013,169.800003,169.830002,169.050003,169.139999,80829700,161.839349
7/22/2013,169.410004,169.740005,169.009995,169.5,79428600,162.183811
7/19/2013,168.520004,169.229996,168.309998,169.169998,103831700,161.868053
7/18/2013,168.309998,169.270004,168.199997,168.869995,103620100,161.580999
7/17/2013,168.160004,168.479996,167.729996,167.949997,92873900,160.700711
7/16/2013,168.259995,168.360001,167.070007,167.520004,88702100,160.289278
7/15/2013,167.970001,168.389999,167.679993,168.149994,69450600,160.892075
7/12/2013,167.389999,167.929993,167.130005,167.509995,104212700,160.2797
7/11/2013,167.110001,167.610001,165.179993,167.440002,135592200,160.212729
7/10/2013,164.970001,165.75,164.630005,165.190002,121410100,158.059847
7/9/2013,164.979996,165.330002,164.270004,165.130005,119298000,158.002439
7/8/2013,163.860001,164.389999,163.080002,163.949997,108092500,156.873364
7/5/2013,162.470001,163.080002,161.300003,163.020004,122416900,155.983513
7/3/2013,160.479996,161.770004,160.220001,161.279999,75216400,154.318612
7/2/2013,161.119995,162.300003,160.5,161.210007,154863700,154.251641
7/1/2013,161.259995,162.479996,161.080002,161.360001,131954800,154.395161
6/28/2013,160.630005,161.399994,159.860001,160.419998,160402900,153.495732
6/27/2013,161.100006,161.820007,160.949997,161.080002,129483700,154.127248
6/26/2013,159.869995,160.5,159.25,160.139999,134848000,153.227819
6/25/2013,158.479996,160.100006,157.419998,158.570007,162262200,151.725593
6/24/2013,157.410004,158.429993,155.729996,157.059998,222329000,150.28076
6/21/2013,159.639999,159.759995,157.470001,159.070007,271956800,152.204011
6/20/2013,161.860001,163.470001,158.979996,159.399994,321255900,151.716969
6/19/2013,165.600006,165.889999,163.380005,163.449997,206149500,155.571764
6/18/2013,164.529999,165.990005,164.520004,165.740005,114695600,157.751395
6/17/2013,164.289993,165.220001,163.220001,164.440002,136295600,156.514051
6/14/2013,164.029999,164.669998,162.910004,163.179993,141197500,155.314774
6/13/2013,161.660004,164.5,161.300003,164.210007,163587800,156.295141
6/12/2013,164.220001,164.389999,161.600006,161.75,177361500,153.953706
6/11/2013,163.300003,164.539993,162.740005,163.100006,159505400,155.238642
6/10/2013,165.309998,165.399994,164.369995,164.800003,105667100,156.8567
6/7/2013,163.850006,164.949997,163.139999,164.800003,188337800,156.8567
6/6/2013,161.199997,162.740005,160.25,162.729996,200225500,154.886466
6/5/2013,163.089996,163.419998,161.130005,161.270004,211737800,153.496846
6/4/2013,164.440002,165.100006,162.729996,163.559998,157631500,155.676462
6/3/2013,163.830002,164.460007,162.660004,164.350006,168390700,156.428393
5/31/2013,165.369995,166.309998,163.130005,163.449997,176850100,155.571764
5/30/2013,165.350006,166.589996,165.220001,165.830002,107793800,157.837053
5/29/2013,165.419998,165.800003,164.339996,165.220001,160363400,157.256454
5/28/2013,167.039993,167.779999,165.809998,166.300003,143679800,158.284401
5/24/2013,164.470001,165.380005,163.979996,165.309998,151573900,157.342113
5/23/2013,164.160004,165.910004,163.940002,165.449997,211064400,157.475364
5/22/2013,167.339996,169.070007,165.169998,165.929993,244031800,157.932225
5/21/2013,167.080002,167.800003,166.5,167.169998,95804200,159.112462
5/20/2013,166.779999,167.580002,166.610001,166.929993,85071200,158.884025
5/17/2013,165.949997,167.039993,165.729996,166.940002,129801000,158.893552
5/16/2013,165.779999,166.360001,165.089996,165.339996,109913600,157.370666
5/15/2013,164.960007,166.449997,164.910004,166.119995,120718500,158.113069
5/14/2013,163.669998,165.350006,163.669998,165.229996,119000900,157.265967
5/13/2013,163.199997,163.809998,162.820007,163.539993,81843200,155.657422
5/10/2013,162.990005,163.550003,162.509995,163.410004,103203000,155.533698
5/9/2013,163.270004,163.699997,162.470001,162.880005,106738600,155.029245
5/8/2013,162.419998,163.389999,162.330002,163.339996,97419200,155.467065
5/7/2013,162.130005,162.649994,161.669998,162.600006,90359200,154.762742
5/6/2013,161.490005,162.009995,161.419998,161.779999,66882100,153.982259
5/3/2013,161.139999,161.880005,159.779999,161.369995,144202300,153.592017
5/2/2013,158.679993,159.889999,158.529999,159.75,96407600,152.050105
5/1/2013,159.330002,159.410004,158.100006,158.279999,138874200,150.650958
4/30/2013,159.270004,159.720001,158.610001,159.679993,116010700,151.983472
4/29/2013,158.669998,159.649994,158.419998,159.300003,88572800,151.621798
4/26/2013,158.330002,158.600006,157.729996,158.240005,95918800,150.612892
4/25/2013,158.339996,159.270004,158.100006,158.520004,131060600,150.879395
4/24/2013,157.830002,158.300003,157.539993,157.880005,96781200,150.270243
4/23/2013,156.949997,157.929993,156.169998,157.779999,166141300,150.175057
4/22/2013,155.779999,156.539993,154.75,156.169998,106553500,148.642658
4/19/2013,154.5,155.550003,154.119995,155.479996,149687600,147.985914
4/18/2013,155.369995,155.410004,153.550003,154.139999,167583200,146.710505
4/17/2013,156.289993,156.320007,154.279999,155.110001,226834800,147.633752
4/16/2013,156.289993,157.490005,155.910004,157.410004,147507800,149.822896
4/15/2013,158,158.130005,155.100006,155.119995,217259000,147.643265
4/12/2013,158.679993,159.039993,157.919998,158.800003,116359900,151.145898
4/11/2013,158.699997,159.710007,158.539993,159.190002,110142500,151.517099
4/10/2013,157.169998,158.869995,157.130005,158.669998,135711100,151.022159
4/9/2013,156.5,157.320007,155.979996,156.75,101922200,149.194704
4/8/2013,155.270004,156.220001,154.75,156.210007,86571200,148.680738
4/5/2013,153.949997,155.350006,153.770004,155.160004,159666000,147.681345
4/4/2013,155.429993,156.169998,155.089996,155.860001,131885000,148.347603
4/3/2013,156.910004,157.029999,154.820007,155.229996,154167400,147.747964
4/2/2013,156.610001,157.210007,156.369995,156.820007,101504300,149.261337
4/1/2013,156.589996,156.910004,155.669998,156.050003,99194100,148.528447
3/28/2013,156.089996,156.850006,155.75,156.669998,102932800,149.118559
3/27/2013,155.259995,156.240005,155,156.190002,99950600,148.661698
3/26/2013,155.589996,156.229996,155.419998,156.190002,86856600,148.661698
3/25/2013,156.009995,156.270004,154.350006,154.949997,151322300,147.481461
3/22/2013,154.850006,155.600006,154.729996,155.600006,111163600,148.10014
3/21/2013,154.759995,155.639999,154.100006,154.360001,128605000,146.919902
3/20/2013,155.520004,155.949997,155.259995,155.690002,113759300,148.185798
3/19/2013,155.300003,155.509995,153.589996,154.610001,167567300,147.157852
3/18/2013,154.339996,155.639999,154.199997,154.970001,126704300,147.500501
3/15/2013,155.850006,156.039993,155.309998,155.830002,138601100,148.31905
3/14/2013,156.309998,156.800003,155.910004,156.729996,126329900,148.515112
3/13/2013,155.759995,156.119995,155.229996,155.899994,92550900,147.728614
3/12/2013,155.919998,156.100006,155.210007,155.679993,105755800,147.520144
3/11/2013,155.320007,156.039993,155.130005,156.029999,83746800,147.851805
3/8/2013,155.460007,155.649994,154.660004,155.440002,123477800,147.292733
3/7/2013,154.699997,154.979996,154.520004,154.779999,86101400,146.667323
3/6/2013,154.839996,154.919998,154.160004,154.5,94469900,146.402
3/5/2013,153.660004,154.699997,153.639999,154.289993,121431900,146.203001
3/4/2013,151.759995,152.919998,151.520004,152.919998,99010200,144.904813
3/1/2013,151.089996,152.339996,150.410004,152.110001,170634800,144.137271
2/28/2013,151.899994,152.869995,151.410004,151.610001,126866000,143.663478
2/27/2013,149.889999,152.330002,149.759995,151.910004,150781900,143.947757
2/26/2013,149.720001,150.199997,148.729996,150.020004,186596200,142.15682
2/25/2013,152.630005,152.860001,149,149,245824800,141.190278
2/22/2013,151.149994,151.889999,150.490005,151.889999,106356600,143.928801
2/21/2013,150.960007,151.419998,149.940002,150.419998,183257000,142.535849
2/20/2013,153.139999,153.190002,151.259995,151.339996,160574800,143.407626
2/19/2013,152.369995,153.279999,152.160004,153.25,95105400,145.217518
2/15/2013,152.429993,152.589996,151.550003,152.110001,215226500,144.137271
2/14/2013,151.690002,152.470001,151.520004,152.289993,80834300,144.307829
2/13/2013,152.330002,152.610001,151.720001,152.149994,82322600,144.175168
2/12/2013,151.779999,152.300003,151.610001,152.020004,65392700,144.051992
2/11/2013,151.740005,151.899994,151.389999,151.770004,73775000,143.815095
2/8/2013,151.220001,151.889999,151.220001,151.800003,103133700,143.843521
2/7/2013,151.210007,151.350006,149.860001,150.960007,162490000,143.047553
2/6/2013,150.520004,151.259995,150.410004,151.160004,138762800,143.237067
2/5/2013,150.350006,151.479996,150.289993,151.050003,113912400,143.132832
2/4/2013,150.320007,151.270004,149.429993,149.539993,159073600,141.701968
2/1/2013,150.649994,151.419998,150.389999,151.240005,131173000,143.312876
1/31/2013,149.889999,150.380005,149.600006,149.699997,108975800,141.853586
1/30/2013,150.639999,150.940002,149.929993,150.070007,137447700,142.204202
1/29/2013,149.770004,150.850006,149.669998,150.660004,105694400,142.763274
1/28/2013,150.289993,150.330002,149.509995,150.070007,113357700,142.204202
1/25/2013,149.880005,150.25,149.369995,150.25,147211600,142.374761
1/24/2013,149.149994,150.139999,149.009995,149.410004,146426400,141.578792
1/23/2013,149.130005,149.5,148.860001,149.369995,104596100,141.540881
1/22/2013,148.330002,149.130005,147.979996,149.130005,111797300,141.313469
1/18/2013,147.970001,148.490005,147.429993,148.330002,169906000,140.555398
1/17/2013,147.699997,148.419998,147.149994,148,133833500,140.242693
1/16/2013,146.770004,147.279999,146.610001,147.050003,104849500,139.342489
1/15/2013,146.289993,147.210007,146.199997,147.070007,93172600,139.361445
1/14/2013,146.889999,147.070007,146.429993,146.970001,89567200,139.266681
1/11/2013,147.039993,147.149994,146.610001,147.070007,113917300,139.361445
1/10/2013,146.729996,147.089996,145.970001,147.080002,130735400,139.370916
1/9/2013,145.869995,146.320007,145.639999,145.919998,90745600,138.271713
1/8/2013,145.710007,145.910004,144.979996,145.550003,121265100,137.92111
1/7/2013,145.850006,146.110001,145.429993,145.970001,110002500,138.319095
1/4/2013,145.970001,146.610001,145.669998,146.369995,116817700,138.698123
1/3/2013,145.990005,146.369995,145.339996,145.729996,144761800,138.091669
1/2/2013,145.110001,146.149994,144.729996,146.059998,192059000,138.404374
12/31/2012,139.660004,142.559998,139.539993,142.410004,243935200,134.945692
12/28/2012,140.639999,141.419998,139.869995,140.029999,148806700,132.690433
12/27/2012,141.789993,142.080002,139.919998,141.559998,167920600,134.140238
12/26/2012,142.639999,142.710007,141.350006,141.75,106947700,134.320282
12/24/2012,142.479996,142.559998,142.190002,142.350006,53874600,134.888839
12/21/2012,142.169998,144.089996,141.940002,142.789993,245883800,135.305765
12/20/2012,144.380005,145.139999,143.979996,145.119995,168487000,136.545207
12/19/2012,145.529999,145.580002,144.240005,144.289993,150895400,135.764248
12/18/2012,144,145.5,143.789993,145.369995,177762800,136.780435
12/17/2012,142.470001,143.850006,142.429993,143.770004,143238200,135.274983
12/14/2012,142.320007,142.580002,141.880005,142.100006,137701700,133.703661
12/13/2012,143.419998,143.830002,142.270004,142.630005,135715000,134.202344
12/12/2012,144,144.550003,143.309998,143.509995,145880100,135.030337
12/11/2012,143.059998,144.110001,142.990005,143.440002,152570400,134.964481
12/10/2012,142.210007,142.809998,142.149994,142.470001,98840700,134.051794
12/7/2012,142.529999,142.690002,141.669998,142.410004,108726400,133.995342
12/6/2012,141.369995,142.039993,141.160004,141.979996,103220600,133.590742
12/5/2012,141.369995,142.160004,140.369995,141.5,147300500,133.139108
12/4/2012,141.440002,141.869995,140.869995,141.25,127512200,132.90388
12/3/2012,142.800003,142.919998,141.339996,141.449997,124656300,133.09206
11/30/2012,142.139999,142.419998,141.660004,142.149994,136568300,133.750696
11/29/2012,141.990005,142.509995,141.369995,142.119995,151085900,133.722469
11/28/2012,139.759995,141.539993,139,141.460007,177086500,133.101478
11/27/2012,140.910004,141.389999,140.240005,140.330002,128646200,132.038242
11/26/2012,140.649994,141.360001,140.190002,141.050003,100124400,132.7157
11/23/2012,140.130005,141.399994,140.039993,141.350006,65409200,132.997977
11/21/2012,139.309998,139.570007,139.029999,139.449997,81710800,131.210235
11/20/2012,138.910004,139.419998,138.080002,139.190002,119807400,130.965603
11/19/2012,137.899994,139.149994,136.410004,139.130005,151495800,130.90915
11/16/2012,135.899994,136.639999,134.699997,136.369995,239483900,128.312223
11/15/2012,135.979996,136.490005,135.179993,135.699997,178128400,127.681813
11/14/2012,138.210007,138.429993,135.619995,135.929993,191505000,127.898219
11/13/2012,137.539993,139.25,137.360001,137.789993,123018300,129.648317
11/12/2012,138.589996,138.809998,137.960007,138.270004,97677500,130.099965
11/9/2012,137.619995,139.440002,137.550003,138.160004,201055300,129.996464
11/8/2012,139.699997,140.410004,137.929993,138.039993,181517300,129.883545
11/7/2012,141.660004,141.679993,139.059998,139.720001,264304500,131.464285
11/6/2012,142.279999,143.520004,142.130005,142.960007,107068100,134.512847
11/5/2012,141.350006,142.169998,140.929993,141.850006,98378500,133.468433
11/2/2012,143.679993,143.720001,141.410004,141.559998,137702200,133.195561
11/1/2012,141.649994,143.009995,141.520004,142.830002,100995600,134.390523
10/31/2012,141.850006,142.029999,140.679993,141.350006,103438500,132.997977
10/26/2012,141.300003,141.839996,140.389999,141.350006,146023500,132.997977
10/25/2012,142.020004,142.279999,140.570007,141.429993,134457400,133.073237
10/24/2012,141.929993,142.100006,140.800003,141.020004,120179400,132.687474
10/23/2012,141.860001,142.059998,140.830002,141.419998,192056300,133.063833
10/22/2012,143.149994,143.669998,142.279999,143.410004,125578600,134.936254
10/19/2012,145.550003,145.559998,143.050003,143.389999,185645200,134.917432
10/18/2012,145.820007,146.520004,145.330002,145.820007,148108500,137.203857
10/17/2012,145.639999,146.320007,145.419998,146.199997,128834100,137.561394
10/16/2012,144.759995,145.639999,144.660004,145.539993,108815500,136.940388
10/15/2012,143.229996,144.229996,142.770004,144.080002,107689100,135.566664
10/12/2012,143.460007,143.949997,142.580002,142.889999,124181900,134.446976
10/11/2012,144.279999,144.490005,143.330002,143.360001,123601500,134.889206
10/10/2012,144.179993,144.320007,143.089996,143.279999,124247500,134.813931
10/9/2012,145.529999,145.649994,144.149994,144.199997,148872900,135.679569
10/8/2012,145.600006,146.119995,145.309998,145.639999,78415400,137.034485
10/5/2012,146.910004,147.160004,145.699997,146.139999,124842100,137.504941
10/4/2012,145.639999,146.339996,145.440002,146.130005,124311600,137.495537
10/3/2012,144.889999,145.429993,144.130005,145.089996,121283100,136.51698
10/2/2012,144.919998,145.149994,143.830002,144.5,113422200,135.961845
10/1/2012,144.520004,145.690002,144.009995,144.350006,135911200,135.820714
9/28/2012,144.089996,144.559998,143.460007,143.970001,150696100,135.463163
9/27/2012,143.889999,144.970001,143.509995,144.639999,111830300,136.093573
9/26/2012,144.070007,144.110001,142.949997,143.289993,146502200,134.823335
9/25/2012,145.960007,146.240005,144.059998,144.100006,133165200,135.585486
9/24/2012,145.149994,145.979996,145.039993,145.649994,95682000,137.043889
9/21/2012,146.639999,146.669998,145.809998,145.869995,108737500,137.250891
9/20/2012,146.029999,146.789993,145.630005,146.710007,154009800,137.308305
9/19/2012,146.789993,147.169998,146.410004,146.699997,128318300,137.298937
9/18/2012,146.490005,146.809998,146.25,146.619995,98326600,137.224061
9/17/2012,146.940002,147.190002,146.369995,146.740005,119427800,137.336381
9/14/2012,146.880005,148.110001,146.759995,147.240005,169777000,137.804339
9/13/2012,144.369995,147.039993,143.990005,146.589996,225470200,137.195985
9/12/2012,144.389999,144.550003,143.899994,144.389999,87640900,135.136972
9/11/2012,143.600006,144.369995,143.559998,143.910004,88760000,134.687736
9/10/2012,144.190002,144.440002,143.460007,143.509995,86458500,134.313361
9/7/2012,144.009995,144.389999,143.880005,144.330002,107272100,135.080819
9/6/2012,141.759995,143.779999,141.75,143.770004,158272500,134.556708
9/5/2012,141.089996,141.470001,140.630005,140.910004,100660300,131.879987
9/4/2012,141.039993,141.460007,140.130005,141.029999,120226200,131.992292
8/31/2012,141.289993,141.820007,140.360001,141.160004,151970400,132.113966
8/30/2012,140.899994,140.940002,140.190002,140.490005,96589900,131.486904
8/29/2012,141.520004,141.889999,141.119995,141.509995,65421300,132.441528
8/28/2012,141.179993,141.839996,140.970001,141.399994,75689600,132.338577
8/27/2012,141.889999,142.080002,141.339996,141.539993,68785900,132.469604
8/24/2012,140.309998,141.830002,140.220001,141.509995,99481200,132.441528
8/23/2012,141.470001,141.479996,140.440002,140.660004,111466400,131.646008
8/22/2012,141.399994,142.050003,141.070007,141.820007,133243500,132.731674
8/21/2012,142.539993,143.089996,141.449997,141.759995,105581100,132.675507
8/20/2012,141.979996,142.220001,141.589996,142.190002,78255700,133.077959
8/17/2012,142.229996,142.300003,141.860001,142.179993,90813700,133.06859
8/16/2012,141.149994,142.160004,140.800003,141.990005,112014200,132.890778
8/15/2012,140.639999,141.190002,140.550003,140.949997,71085900,131.917417
8/14/2012,141.289993,141.380005,140.369995,140.789993,102379400,131.767667
8/13/2012,140.600006,140.839996,140.039993,140.770004,79426900,131.748959
8/10/2012,140.039993,140.889999,139.809998,140.839996,99792700,131.814466
8/9/2012,140.289993,140.889999,140.149994,140.610001,90291700,131.599209
8/8/2012,139.850006,140.649994,139.809998,140.490005,89754700,131.486904
8/7/2012,140.179993,140.919998,140.029999,140.320007,109545100,131.327799
8/6/2012,139.720001,140.169998,139.559998,139.619995,86326200,130.672647
8/3/2012,138.559998,139.639999,136.679993,139.350006,157825000,130.419959
8/2/2012,136.550003,137.570007,135.580002,136.639999,199556600,127.88362
8/1/2012,138.699997,138.729996,137.399994,137.589996,138293800,128.772737
7/31/2012,138.490005,138.869995,137.710007,137.710007,120575900,128.885057
7/30/2012,138.520004,139.339996,138.270004,138.679993,106782000,129.792883
7/27/2012,136.889999,139.070007,136.139999,138.679993,236768900,129.792883
7/26/2012,135.889999,136.460007,135.259995,136.169998,156526500,127.443738
7/25/2012,134.210007,134.559998,133.25,133.960007,129122300,125.37537
7/24/2012,135.190002,135.25,133.029999,133.929993,173301200,125.34728
7/23/2012,134.470001,136.380005,133.839996,135.089996,145210900,126.432946
7/20/2012,136.949997,137.160004,136.320007,136.470001,142904500,127.724515
7/19/2012,137.649994,138.179993,137.210007,137.729996,129847300,128.903765
7/18/2012,136.039993,137.639999,135.960007,137.369995,113349700,128.566835
7/17/2012,135.970001,136.639999,134.550003,136.360001,138860300,127.621564
7/16/2012,135.440002,135.830002,134.899994,135.429993,97525200,126.751154
7/13/2012,133.860001,135.889999,133.839996,135.75,129642600,127.050655
7/12/2012,133.380005,134.229996,132.600006,133.509995,143583200,124.954197
7/11/2012,134.210007,134.600006,133.380005,134.160004,141733400,125.562551
7/10/2012,136.009995,136.229996,133.679993,134.139999,167884800,125.543829
7/9/2012,135.380005,135.570007,134.699997,135.320007,103780500,126.648217
7/6/2012,135.470001,135.770004,134.850006,135.490005,151192100,126.807321
7/5/2012,136.899994,137.800003,136.289993,136.789993,126177500,128.024001
7/3/2012,136.479996,137.509995,136.339996,137.410004,80450000,128.604279
7/2/2012,136.479996,136.649994,135.520004,136.509995,129524500,127.761946
6/29/2012,135.199997,136.270004,134.850006,136.100006,212250900,127.378231
6/28/2012,132.289993,132.990005,131.279999,132.789993,169242100,124.280336
6/27/2012,132.419998,133.429993,131.970001,133.169998,108088000,124.635988
6/26/2012,131.699997,132.380005,130.929993,131.979996,141634000,123.522246
6/25/2012,132.050003,132.100006,130.850006,131.320007,146375700,122.904552
6/22/2012,133.130005,133.710007,132.619995,133.460007,130029200,124.907412
6/21/2012,135.639999,135.779999,132.330002,132.440002,205272200,123.952773
6/20/2012,135.710007,136.100006,134.270004,135.479996,206451800,126.797953
6/19/2012,135.080002,136.25,134.369995,135.699997,137382600,127.003856
6/18/2012,133.580002,134.729996,133.279999,134.399994,131360900,125.787162
6/15/2012,133.380005,134.259995,133.100006,134.139999,169444500,125.543829
6/14/2012,132.339996,134,131.979996,133.470001,230615500,124.272854
6/13/2012,132.529999,133.360001,131.619995,132.070007,172223900,122.96933
6/12/2012,131.789993,133.009995,131.160004,132.919998,181931800,123.76075
6/11/2012,134.169998,134.25,131.279999,131.410004,169756100,122.354806
6/8/2012,131.710007,133.130005,131.289993,133.100006,143915400,123.928354
6/7/2012,133.470001,133.529999,131.779999,132.050003,184772700,122.950705
6/6/2012,129.970001,132.029999,129.929993,131.970001,184202800,122.876216
6/5/2012,127.849998,129.259995,127.779999,129.070007,164149400,120.176054
6/4/2012,128.389999,128.740005,127.139999,128.100006,202545800,119.272894
6/1/2012,129.410004,131.5,128.160004,128.160004,253240900,119.328757
5/31/2012,131.710007,132.449997,130.339996,131.470001,196186000,122.41067
5/30/2012,132.559998,133.690002,131.490005,131.759995,162370400,122.68068
5/29/2012,133.160004,133.929993,131.169998,133.699997,152883500,124.487001
5/25/2012,132.479996,132.850006,131.779999,132.100006,135465600,122.997262
5/24/2012,132.630005,132.839996,131.419998,132.529999,167357600,123.397625
5/23/2012,131.25,132.460007,129.990005,132.270004,204958400,123.155546
5/22/2012,132.309998,133.229996,131.339996,132.199997,197531200,123.090363
5/21/2012,130.160004,132.020004,129.949997,131.970001,177861100,122.876216
5/18/2012,131.369995,131.600006,129.550003,129.740005,319615900,120.799884
5/17/2012,132.860001,133.020004,130.789993,130.860001,247992900,121.842703
5/16/2012,133.940002,134.550003,132.800003,132.830002,207265500,123.676955
5/15/2012,134.020004,134.809998,133.130005,133.339996,207629300,124.151807
5/14/2012,134.309998,135.610001,133.910004,134.110001,163910000,124.868752
5/11/2012,135.169998,136.869995,135.110001,135.610001,153032400,126.26539
5/10/2012,136.679993,136.850006,135.710007,136.020004,150600000,126.647141
5/9/2012,135.100006,136.610001,134.490005,135.740005,220752500,126.386436
5/8/2012,136.279999,136.770004,134.919998,136.550003,213377700,127.140619
5/7/2012,136.509995,137.559998,136.460007,137.100006,127765900,127.652722
5/4/2012,138.520004,139.300003,136.919998,137,193927300,127.559607
5/3/2012,140.339996,140.449997,138.990005,139.25,143759700,129.654564
5/2/2012,139.919998,140.460007,139.460007,140.320007,121081000,130.65084
5/1/2012,139.789993,141.660004,139.630005,140.740005,138832200,131.041897
4/30/2012,140.110001,140.210007,139.490005,139.869995,115092200,130.231837
4/27/2012,140.580002,140.789993,139.800003,140.389999,130725000,130.716009
4/26/2012,138.889999,140.320007,138.809998,140.160004,136291600,130.501861
4/25/2012,138.649994,139.25,138.529999,139.190002,150252200,129.598701
4/24/2012,136.910004,137.660004,136.800003,137.309998,137484200,127.848244
4/23/2012,136.539993,136.910004,135.940002,136.789993,171844900,127.364072
4/20/2012,138.330002,138.830002,137.869995,137.949997,143199600,128.444142
4/19/2012,138.630005,139.149994,137.070007,137.720001,198666700,128.229995
4/18/2012,138.460007,139.080002,138.380005,138.610001,123884200,129.058666
4/17/2012,137.839996,139.360001,137.699997,139.080002,147877600,129.49628
4/16/2012,137.839996,138.039993,136.580002,137.050003,147825300,127.606165
4/13/2012,138.470001,138.820007,137.009995,137.139999,169246700,127.68996
4/12/2012,137.130005,138.899994,137.029999,138.789993,154321500,129.226256
4/11/2012,137.289993,137.539993,136.75,137,154133000,127.559607
4/10/2012,137.949997,138.339996,135.759995,135.899994,235360300,126.5354
4/9/2012,138.029999,139.839996,137.839996,138.220001,127555900,128.695541
4/5/2012,139.380005,140.199997,139.259995,139.789993,137439400,130.157348
4/4/2012,140.220001,140.339996,139.339996,139.860001,146896000,130.222531
4/3/2012,141.639999,141.880005,140.429993,141.259995,155806700,131.526054
4/2/2012,140.639999,142.210007,140.360001,141.839996,151741100,132.066089
3/30/2012,140.919998,141.050003,140.050003,140.809998,135486800,131.107066
3/29/2012,139.639999,140.490005,139.089996,140.229996,164963700,130.567031
3/28/2012,141.100006,141.320007,139.639999,140.470001,148562100,130.790498
3/27/2012,141.740005,141.830002,141.080002,141.169998,119868500,131.442259
3/26/2012,140.649994,141.610001,140.600006,141.610001,120164000,131.851942
3/23/2012,139.320007,139.809998,138.550003,139.649994,120521000,130.026995
3/22/2012,139.179993,139.550003,138.740005,139.199997,135216700,129.608007
3/21/2012,140.520004,140.649994,139.919998,140.210007,122388400,130.548419
3/20/2012,140.050003,140.610001,139.639999,140.440002,121729700,130.762566
3/19/2012,140.210007,141.279999,140.110001,140.850006,125291100,131.144317
3/16/2012,140.360001,140.479996,140,140.300003,152893500,130.632214
3/15/2012,140.119995,140.779999,139.759995,140.720001,165118500,130.451583
3/14/2012,140.100006,140.449997,139.479996,139.910004,145163600,129.700691
3/13/2012,138.320007,140.130005,138.089996,140.059998,184090500,129.83974
3/12/2012,137.550003,137.759995,137.089996,137.580002,104003500,127.540711
3/9/2012,137.300003,137.929993,137.130005,137.570007,122836800,127.531446
3/8/2012,136.520004,137.320007,136.240005,137.039993,116968900,127.040107
3/7/2012,135.059998,135.910004,134.929993,135.690002,143692200,125.788626
3/6/2012,135.350006,135.429993,134.360001,134.75,202129900,124.917216
3/5/2012,137.100006,137.199997,136.279999,136.75,140765000,126.771275
3/2/2012,137.639999,137.820007,137,137.309998,120638300,127.290409
3/1/2012,137.309998,137.990005,136.929993,137.729996,145023500,127.67976
2/29/2012,137.759995,138.190002,136.539993,137.020004,185934700,127.021577
2/28/2012,137.199997,137.720001,136.929993,137.559998,129355900,127.522166
2/27/2012,136.020004,137.529999,135.800003,137.160004,145728900,127.15136
2/24/2012,136.929993,137.199997,136.630005,136.929993,105539100,126.938133
2/23/2012,135.960007,136.729996,135.5,136.630005,137704300,126.660036
2/22/2012,136.259995,136.550003,135.789993,136.029999,124455300,126.103812
2/21/2012,136.729996,137.050003,136.050003,136.470001,134042300,126.511708
2/17/2012,136.520004,136.630005,135.960007,136.410004,129869400,126.456088
2/16/2012,134.570007,136.169998,134.330002,136.050003,186567800,126.122357
2/15/2012,135.630005,135.830002,134.289993,134.559998,195195100,124.741078
2/14/2012,135,135.270004,134.25,135.190002,165329500,125.325111
2/13/2012,135.320007,135.520004,134.740005,135.360001,115841900,125.482704
2/10/2012,134.160004,134.470001,133.839996,134.360001,167907500,124.555675
2/9/2012,135.410004,135.589996,134.559998,135.360001,148602900,125.482704
2/8/2012,134.860001,135.220001,134.309998,135.190002,139361400,125.325111
2/7/2012,134.169998,135.020004,133.639999,134.789993,135528100,124.954291
2/6/2012,133.979996,134.509995,133.830002,134.449997,107694500,124.639104
2/3/2012,134,134.619995,133.770004,134.539993,160598500,124.722533
2/2/2012,132.729996,133.020004,132.210007,132.679993,113090400,122.998258
2/1/2012,132.289993,133.139999,132.130005,132.470001,166234500,122.80359
1/31/2012,132.020004,132.179993,130.679993,131.320007,157212000,121.737512
1/30/2012,130.509995,131.440002,130.059998,131.369995,147311800,121.783852
1/27/2012,131.240005,132.050003,131.149994,131.820007,135259100,122.201026
1/26/2012,133.149994,133.399994,131.360001,131.880005,184880500,122.256646
1/25/2012,131.259995,132.869995,130.75,132.559998,198613200,122.887019
1/24/2012,130.800003,131.5,130.600006,131.460007,103083300,121.867295
1/23/2012,131.509995,132.25,130.979996,131.610001,129295800,122.006344
1/20/2012,131.240005,131.949997,130.919998,131.949997,138230200,122.321531
1/19/2012,131.220001,131.570007,130.800003,131.460007,126328900,121.867295
1/18/2012,129.309998,130.839996,129.080002,130.770004,163395200,121.227643
1/17/2012,130.080002,130.320007,128.899994,129.339996,132209200,119.901983
1/13/2012,128.639999,129.050003,127.720001,128.839996,179836200,119.438468
1/12/2012,129.570007,129.699997,128.539993,129.509995,118983700,120.059576
1/11/2012,128.729996,129.369995,128.520004,129.199997,111540700,119.7722
1/10/2012,129.389999,129.649994,128.949997,129.130005,115282000,119.707315
1/9/2012,128,128.179993,127.410004,128.020004,99530200,118.678312
1/6/2012,128.199997,128.220001,127.290001,127.709999,148050000,118.390928
1/5/2012,127.010002,128.229996,126.43,128.039993,173895000,118.696842
1/4/2012,127.199997,127.809998,126.709999,127.699997,127186500,118.381655
1/3/2012,127.760002,128.380005,127.43,127.5,193697900,118.196252
12/30/2011,126.019997,126.330002,125.5,125.5,95599000,116.342194
12/29/2011,125.239998,126.25,124.860001,126.120003,123507200,116.916954
12/28/2011,126.510002,126.529999,124.730003,124.830002,119107100,115.721086
12/27/2011,126.169998,126.82,126.059998,126.489998,86075700,117.259951
12/23/2011,125.669998,126.43,125.410004,126.389999,92187200,117.167249
12/22/2011,124.629997,125.400002,124.230003,125.269997,119465400,116.128974
12/21/2011,123.93,124.360001,122.75,124.169998,194230900,115.109243
12/20/2011,122.18,124.139999,120.370003,123.93,225418100,114.886758
12/19/2011,122.059998,122.32,120.029999,120.290001,183903000,111.512371
12/16/2011,122.230003,122.949997,121.300003,121.589996,220481400,112.717505
12/15/2011,123.029999,123.199997,121.989998,122.18,199109200,112.550641
12/14/2011,122.559998,123.029999,121.470001,121.739998,238618800,112.145316
12/13/2011,124.860001,125.57,122.449997,123.050003,245159800,113.352076
12/12/2011,124.949997,124.970001,123.160004,124.209999,215826100,114.420649
12/9/2011,124.510002,126.370003,124.400002,126.050003,209111400,116.115637
12/8/2011,125.900002,126.18,123.650002,123.949997,240862800,114.181139
12/7/2011,125.839996,127.260002,124.970001,126.730003,237802500,116.742045
12/6/2011,126.209999,127.110001,125.760002,126.260002,178842100,116.309086
12/5/2011,126.839996,127.18,125.440002,126.220001,225263900,116.272237
12/2/2011,126.120003,126.5,124.779999,124.860001,221109700,115.019422
12/1/2011,124.849998,125.639999,124.43,124.970001,176954800,115.120753
11/30/2011,123.489998,125.220001,120,124.989998,324439500,115.139174
11/29/2011,120.050003,121,119.610001,120.050003,199241500,110.588515
11/28/2011,119.540001,120.18,118.82,119.709999,210686000,110.275307
11/25/2011,116.379997,117.699997,116.199997,116.339996,99557000,107.170904
11/23/2011,118.07,119.190002,116.559998,116.559998,224329100,107.373566
11/22/2011,119.400002,120.099998,118.519997,119.190002,216494900,109.796293
11/21/2011,120.199997,120.349998,118.650002,119.660004,229611600,110.229252
11/18/2011,122.5,122.75,121.470001,121.980003,215580400,112.366406
11/17/2011,123.849998,124.160004,121.230003,122.110001,331219600,112.486158
11/16/2011,124.809998,126.339996,123.900002,124.080002,235782500,114.300897
11/15/2011,125.169998,126.75,124.720001,126.080002,184709400,116.143272
11/14/2011,126.190002,127.449997,124.919998,125.459999,159258300,115.572133
11/11/2011,125.830002,126.989998,125.790001,126.660004,189924400,116.677562
11/10/2011,124.790001,124.940002,123.019997,124.32,231866500,114.52198
11/9/2011,124.889999,125.800003,122.860001,123.160004,337982000,113.453407
11/8/2011,126.919998,128.020004,125.709999,127.879997,224426300,117.801404
11/7/2011,125.389999,126.389999,124.199997,126.260002,196617200,116.309086
11/4/2011,125.230003,125.699997,124.010002,125.480003,249401600,115.590561
11/3/2011,125.269997,126.5,123.599998,126.25,291174800,116.299872
11/2/2011,123.830002,124.400002,122.790001,123.989998,244717600,114.217987
11/1/2011,122.029999,123.510002,121.519997,122,416565800,112.384827
10/31/2011,127.160004,128.619995,125.32,125.5,228146700,115.608981
10/28/2011,128,128.850006,127.800003,128.600006,225906500,118.464667
10/27/2011,127.629997,129.419998,126.610001,128.630005,393220200,118.492302
10/26/2011,124.349998,124.769997,122.209999,124.300003,289053800,114.50356
10/25/2011,124.889999,124.949997,122.779999,123.050003,268596800,113.352076
10/24/2011,124.169998,125.800003,124.059998,125.489998,203215600,115.599768
10/21/2011,123.089996,124.120003,122.720001,123.970001,278999400,114.199566
10/20/2011,121.43,122.099998,119.82,121.660004,262075600,112.071626
10/19/2011,122.379997,123.080002,120.709999,121.129997,226601300,111.583391
10/18/2011,120.139999,123.5,119.199997,122.580002,318857900,112.919117
10/17/2011,121.989998,122.550003,119.93,120.230003,202311600,110.754328
10/14/2011,121.910004,122.599998,121.230003,122.57,211397600,112.909903
10/13/2011,120.040001,120.870003,119.120003,120.510002,212538800,111.01226
10/12/2011,120.599998,122.139999,120.330002,120.75,281544900,111.233343
10/11/2011,118.870003,120.040001,118.75,119.699997,209088000,110.266093
10/10/2011,117.68,119.629997,117.669998,119.580002,230666300,110.155555
10/7/2011,117.169998,117.25,115.059998,115.709999,312657900,106.590559
10/6/2011,114.360001,116.660004,113.510002,116.489998,257800800,107.309084
10/5/2011,112.620003,114.720001,111.580002,114.419998,284108000,105.402227
10/4/2011,108.349998,112.580002,107.43,112.339996,459177500,103.486156
10/3/2011,112.489998,113.949997,109.809998,109.93,365136800,101.266098
9/30/2011,114.449997,115.449997,113.07,113.150002,288392300,104.232322
9/29/2011,117.050003,117.629997,113.93,116.050003,298108900,106.903766
9/28/2011,117.779999,118.489998,114.970001,115.139999,286696800,106.065482
9/27/2011,118.529999,119.559998,116.839996,117.540001,311753900,108.276333
9/26/2011,114.610001,116.400002,112.980003,116.239998,260673700,107.078787
9/23/2011,112.110001,114.160004,112.019997,113.540001,307242500,104.591584
9/22/2011,113.25,114.209999,111.300003,112.860001,513911300,103.965177
9/21/2011,120.230003,120.599998,116.440002,116.629997,316251300,107.438049
9/20/2011,120.82,121.989998,120.010002,120.169998,218932200,110.699052
9/19/2011,119.529999,120.93,118.720001,120.309998,241517000,110.828018
9/16/2011,121.290001,121.970001,120.32,121.519997,284528300,111.942654
9/15/2011,120.650002,121.470001,119.400002,121.43,326777200,111.284006
9/14/2011,118.339996,120.800003,116.720001,119.370003,319389500,109.39613
9/13/2011,117.050003,118.18,116.220001,117.739998,272514700,107.902319
9/12/2011,114.470001,116.760002,114.050003,116.669998,305793500,106.921722
9/9/2011,117.68,119.059998,115.279999,115.919998,380195100,106.234388
9/8/2011,119.57,120.940002,118.769997,119.040001,250568200,109.093701
9/7/2011,118.760002,120.339996,118.360001,120.290001,209803200,110.239258
9/6/2011,114.389999,117.160004,114.379997,116.989998,285130500,107.214984
9/2/2011,118.419998,120.870003,117.43,117.849998,255517200,108.003128
9/1/2011,122.290001,123.400002,120.779999,120.940002,254585900,110.834949
8/31/2011,122.459999,123.510002,121.300003,122.220001,301828400,112.007998
8/30/2011,120.830002,122.43,119.260002,121.68,241315700,111.513117
8/29/2011,119.559998,121.43,118.059998,121.360001,190977200,111.219855
8/26/2011,115.690002,118.510002,113.849998,117.970001,314495900,108.113104
8/25/2011,118.730003,119.400002,115.870003,116.279999,312365400,106.564309
8/24/2011,116.190002,118.239998,115.919998,118.080002,246869700,108.213914
8/23/2011,113.150002,116.57,112.580002,116.440002,331136600,106.710943
8/22/2011,115.169998,115.230003,112.410004,112.730003,275090600,103.31093
8/19/2011,112.959999,115.879997,112.5,112.639999,428281300,103.228447
8/18/2011,116.5,119.709999,113.389999,114.510002,512956300,104.942203
8/17/2011,120.25,121.199997,118.720001,119.669998,238201100,109.671059
8/16/2011,119.470001,120.690002,118.309998,119.589996,294095200,109.597742
8/15/2011,119.190002,120.739998,119,120.620003,258810600,110.541687
8/12/2011,118.400002,119.209999,117.279999,118.120003,313731600,108.250572
8/11/2011,113.260002,118.919998,112.32,117.330002,487979700,107.526579
8/10/2011,115.260002,116.279999,111.949997,112.290001,662607400,102.907692
8/9/2011,114.07,117.639999,110.269997,117.480003,717828700,107.664048
8/8/2011,116.910004,120.120003,112.019997,112.260002,702263900,102.8802
8/5/2011,121.760002,122.07,116.860001,120.080002,655619200,110.046805
8/4/2011,124.419998,124.620003,120.059998,120.260002,520721800,110.211766
8/3/2011,125.660004,126.309998,123.529999,126.169998,370830800,115.627956
8/2/2011,127.809998,128.5,125.489998,125.489998,346653800,115.004773
8/1/2011,130.839996,130.960007,127.529999,128.779999,325790900,118.01988
7/29/2011,128.910004,130.550003,127.970001,129.330002,307038400,118.523928
7/28/2011,130.600006,131.770004,130.009995,130.220001,207939900,119.339564
7/27/2011,132.589996,132.630005,130.429993,130.600006,249020100,119.687818
7/26/2011,133.740005,133.960007,133.029999,133.330002,131278200,122.189711
7/25/2011,133.300003,134.490005,133.160004,133.830002,136653800,122.647934
7/22/2011,134.520004,134.720001,133.759995,134.580002,126019400,123.335268
7/21/2011,133.399994,134.820007,132.669998,134.490005,245246300,123.252792
7/20/2011,133.070007,133.149994,132.419998,132.649994,137145400,121.566521
7/19/2011,131.339996,132.889999,131.309998,132.729996,166554900,121.639838
7/18/2011,131.080002,131.279999,129.630005,130.610001,196872100,119.696978
7/15/2011,131.660004,131.869995,130.770004,131.690002,220012800,120.686741
7/14/2011,132.169998,132.779999,130.679993,130.929993,226111800,119.990233
7/13/2011,132.089996,133.220001,131.520004,131.839996,204062600,120.824202
7/12/2011,131.690002,132.779999,131.360001,131.399994,214675700,120.420964
7/11/2011,132.75,133.179993,131.660004,131.970001,195918600,120.943344
7/8/2011,133.830002,135.360001,133.389999,134.399994,194100500,123.170301
7/7/2011,135.160004,135.699997,134.880005,135.360001,170464200,124.050095
7/6/2011,133.490005,134.139999,133.110001,133.970001,143331600,122.776236
7/5/2011,133.779999,134.080002,133.389999,133.809998,165936000,122.629601
7/1/2011,132.089996,134.100006,131.779999,133.919998,202385700,122.730411
6/30/2011,131.139999,132.179993,130.710007,131.970001,223322700,120.943344
6/29/2011,130.199997,130.929993,129.630005,130.720001,244295500,119.797787
6/28/2011,128.449997,129.630005,128.270004,129.610001,165556300,118.780532
6/27/2011,126.889999,128.429993,126.639999,127.940002,168904700,117.250069
6/24/2011,128.270004,128.369995,126.620003,126.809998,226129300,116.214481
6/23/2011,127.160004,128.639999,126.190002,128.300003,334286500,117.57999
6/22/2011,129.050003,129.809998,128.589996,128.669998,176703000,117.919071
6/21/2011,128.360001,129.699997,127.75,129.449997,193157300,118.633897
6/20/2011,126.620003,127.970001,126.580002,127.699997,159479000,117.030117
6/17/2011,127.93,127.940002,126.620003,127.050003,233284900,116.434433
6/16/2011,127.059998,127.970001,126.32,127.300003,308032800,116.08802
6/15/2011,128.240005,129.300003,126.68,127.019997,300958000,115.832675
6/14/2011,128.869995,129.770004,128.820007,129.320007,160570400,117.930111
6/13/2011,127.889999,128.240005,127.050003,127.699997,207599800,116.452784
6/10/2011,128.850006,128.929993,127.260002,127.599998,238629400,116.361593
6/9/2011,128.770004,129.929993,128.460007,129.399994,160964400,118.003053
6/8/2011,128.759995,129.190002,128.179993,128.419998,198696400,117.109371
6/7/2011,129.699997,130.070007,128.850006,128.960007,161660500,117.601818
6/6/2011,130.089996,130.360001,128.869995,129.039993,179951200,117.67476
6/3/2011,130.149994,131.419998,130.080002,130.419998,234690200,118.93322
6/2/2011,131.960007,132.240005,130.960007,131.729996,200466800,120.127839
6/1/2011,134.509995,134.919998,131.759995,131.869995,233094300,120.255508
5/31/2011,134.770004,134.919998,133.839996,134.899994,164731200,123.018639
5/27/2011,133.369995,133.869995,132.960007,133.509995,120921900,121.751064
5/26/2011,132.029999,133.240005,131.779999,133,164850000,121.285988
5/25/2011,131.419998,132.940002,131.380005,132.389999,151050100,120.729713
5/24/2011,132.440002,132.729996,131.699997,131.949997,147199600,120.328464
5/23/2011,131.979996,132.720001,131.589996,132.059998,168700000,120.428776
5/20/2011,134.330002,134.679993,133.360001,133.610001,182594900,121.842262
5/19/2011,134.800003,135.029999,133.940002,134.679993,119489500,122.818015
5/18/2011,133.240005,134.5,132.949997,134.360001,135217900,122.526206
5/17/2011,132.690002,133.350006,132.119995,133.169998,192686200,121.441013
5/16/2011,133.559998,134.610001,132.970001,133.190002,141675400,121.459256
5/13/2011,135.149994,135.339996,133.559998,134.039993,157444900,122.234383
5/12/2011,134.080002,135.360001,133.389999,135.080002,171550700,123.182793
5/11/2011,135.669998,135.690002,133.820007,134.440002,193564200,122.599162
5/10/2011,135.169998,136.110001,135,135.869995,114806900,123.903207
5/9/2011,134.190002,135.110001,133.979996,134.720001,114104500,122.854499
5/6/2011,134.940002,135.630005,133.679993,134.199997,222787200,122.380295
5/5/2011,134.080002,134.949997,133.020004,133.610001,226900000,121.842262
5/4/2011,135.669998,135.729996,134.229996,134.830002,182678500,122.954812
5/3/2011,135.960007,136.190002,135.039993,135.729996,138375000,123.775538
5/2/2011,137.070007,137.179993,135.949997,136.220001,126278700,124.222386
4/29/2011,136.160004,136.570007,135.979996,136.429993,115094100,124.413883
4/28/2011,135.429993,136.289993,135.410004,136.110001,124791100,124.122074
4/27/2011,135.050003,135.869995,134.5,135.669998,143031000,123.720825
4/26/2011,134.050003,135.059998,133.910004,134.789993,146600000,122.918327
4/25/2011,133.679993,133.860001,133.199997,133.639999,65757100,121.869619
4/21/2011,133.789993,133.839996,133.100006,133.779999,135935400,121.997288
4/20/2011,132.880005,133.389999,132.789993,133.100006,156133800,121.377186
4/19/2011,130.759995,131.350006,130.440002,131.309998,124258800,119.744833
4/18/2011,130.589996,132.029999,129.509995,130.559998,210759300,119.060889
4/15/2011,131.800003,132.369995,131.410004,132.039993,170006700,120.410534
4/14/2011,130.699997,131.759995,130.270004,131.559998,161220400,119.972814
4/13/2011,132.080002,132.179993,130.960007,131.460007,162059000,119.88163
4/12/2011,131.720001,131.979996,130.990005,131.470001,161187400,119.890744
4/11/2011,133,133.449997,132.139999,132.460007,121385400,120.793555
4/8/2011,133.910004,133.990005,132.309998,132.860001,147945400,121.158319
4/7/2011,133.419998,133.979996,132.660004,133.320007,170731500,121.57781
4/6/2011,133.880005,134,133.119995,133.660004,120411600,121.887861
4/5/2011,133,133.830002,132.940002,133.240005,120791500,121.504855
4/4/2011,133.429993,133.669998,132.880005,133.259995,100768900,121.523083
4/1/2011,133.410004,133.770004,132.830002,133.149994,153850100,121.422771
3/31/2011,132.600006,132.960007,132.449997,132.589996,132537100,120.912095
3/30/2011,132.550003,133.160004,132.360001,132.770004,135835000,121.076249
3/29/2011,130.869995,131.899994,130.440002,131.860001,129798800,120.246394
3/28/2011,131.580002,131.919998,130.940002,130.979996,109762400,119.443896
3/25/2011,131.240005,131.869995,130.889999,131.300003,155642800,119.735718
3/24/2011,130.399994,131.089996,129.669998,130.899994,159129800,119.37094
3/23/2011,128.929993,130,128.320007,129.660004,148603100,118.240163
3/22/2011,129.720001,129.889999,129.169998,129.289993,129538600,117.902741
3/21/2011,129.350006,130.009995,129.199997,129.740005,153992600,118.313118
3/18/2011,128.839996,128.880005,127.510002,127.760002,230435400,116.507504
3/17/2011,128,128.389999,127.099998,127.849998,254303700,116.085275
3/16/2011,128.149994,128.570007,125.279999,126.18,468670300,114.56895
3/15/2011,126.589996,129.330002,126.5,128.559998,359585400,116.72994
3/14/2011,129.990005,130.479996,129.059998,130.050003,234974100,118.082836
3/11/2011,129.520004,131.309998,129.490005,130.839996,225621800,118.800134
3/10/2011,131,131.179993,129.809998,129.940002,301291800,117.982958
3/9/2011,132.320007,132.800003,131.600006,132.389999,153806000,120.207506
3/8/2011,131.639999,133,131.070007,132.580002,174615000,120.380025
3/7/2011,132.860001,133.160004,130.740005,131.429993,216790400,119.335839
3/4/2011,133.369995,133.630005,131.600006,132.470001,277202300,120.280147
3/3/2011,132.399994,133.619995,132.389999,133.470001,176480100,121.188127
3/2/2011,130.75,131.820007,130.350006,131.210007,200277400,119.136096
3/1/2011,133.570007,133.690002,130.889999,130.929993,258565500,118.881849
2/28/2011,132.820007,133.320007,132.380005,133.149994,141585500,120.897567
2/25/2011,131.479996,132.410004,131.399994,132.330002,141686900,120.15303
2/24/2011,130.880005,131.440002,129.699997,130.929993,260431400,118.881849
2/23/2011,131.75,132.070007,130.210007,131.020004,227584000,118.963578
2/22/2011,133.119995,134.559998,131.470001,131.830002,233116400,119.69904
2/18/2011,134.369995,134.690002,134.059998,134.529999,130002400,122.150584
2/17/2011,133.460007,134.429993,133.339996,134.25,109810500,121.89635
2/16/2011,133.460007,134.009995,133.190002,133.850006,130183500,121.533164
2/15/2011,133.020004,133.220001,132.320007,133.009995,119575400,120.77045
2/14/2011,133.029999,133.539993,132.880005,133.429993,101690700,121.1518
2/11/2011,131.800003,133.279999,131.770004,133.110001,137710300,120.861253
2/10/2011,131.600006,132.470001,131.300003,132.320007,162708500,120.143955
2/9/2011,132.210007,132.630005,131.610001,132.270004,146436700,120.098553
2/8/2011,132.089996,132.639999,131.729996,132.570007,99072800,120.37095
2/7/2011,131.440002,132.399994,131.429993,131.970001,112439100,119.826156
2/4/2011,130.830002,131.199997,130.229996,131.149994,134634800,119.081606
2/3/2011,130.259995,130.979996,129.570007,130.779999,145886700,118.745658
2/2/2011,130.399994,130.839996,130.330002,130.490005,118323600,118.48235
2/1/2011,129.460007,130.970001,129.380005,130.740005,167194300,118.709345
1/31/2011,128.070007,128.779999,127.75,128.679993,149249200,116.838894
1/28/2011,130.139999,130.350006,127.510002,127.720001,295637300,115.96724
1/27/2011,129.699997,130.210007,129.470001,129.990005,123302700,118.028359
1/26/2011,129.490005,130.050003,129.229996,129.669998,141281500,117.737799
1/25/2011,128.759995,129.279999,128.110001,129.169998,167552200,117.283809
1/24/2011,128.289993,129.25,128.259995,129.100006,113715500,117.220258
1/21/2011,128.880005,129.169998,128.229996,128.369995,151462900,116.557422
1/20/2011,127.959999,128.399994,127.129997,128.080002,175745700,116.294114
1/19/2011,129.410004,129.539993,127.910004,128.25,151958400,116.448469
1/18/2011,129.179993,129.639999,129.029999,129.520004,114401300,117.601608
1/14/2011,128.190002,129.330002,128.100006,129.300003,117677900,117.401851
1/13/2011,128.630005,128.690002,128.050003,128.369995,129048400,116.557422
1/12/2011,128.210007,128.720001,127.459999,128.580002,107929200,116.748104
1/11/2011,127.440002,127.739998,126.949997,127.43,110287000,115.703925
1/10/2011,126.580002,127.160004,126.199997,126.980003,122401700,115.295337
1/7/2011,127.559998,127.769997,126.150002,127.139999,156034600,115.44061
1/6/2011,127.690002,127.830002,127.010002,127.389999,122519000,115.667605
1/5/2011,126.580002,127.720001,126.459999,127.639999,133975300,115.8946
1/4/2011,127.330002,127.370003,126.190002,126.980003,137409700,115.295337
1/3/2011,126.709999,127.599998,125.699997,127.050003,138725200,115.358895
